id_venda,id_cliente,id_produto,data_venda,quantidade,valor_total,id_loja,id_vendedor,preco_unitario,desconto_percentual,forma_pagamento,canal_venda,status_venda
1,118,67,2025-09-30,1,120.42,3,3,133.80,10,Cartão de Débito,Loja Física,Concluída
2,168,20,2025-01-04,1,779.90,13,53,779.90,0,Boleto,Aplicativo,Concluída
3,4,90,2025-06-15,4,72.58,14,34,19.10,5,Cartão de Débito,E-commerce,Concluída
4,184,6,2025-06-05,2,1560.43,9,49,917.90,15,Cartão de Crédito,Aplicativo,Concluída
5,160,80,2025-03-21,1,60.50,6,46,60.50,0,Cartão de Débito,Marketplace,Concluída
6,95,99,2025-10-27,2,53.56,4,24,26.78,0,PIX,Aplicativo,Concluída
7,176,95,2025-04-04,1,7.35,5,5,7.74,5,Cartão de Débito,Marketplace,Concluída
8,300,11,2025-01-12,1,187.10,4,44,187.10,0,Cartão de Débito,Marketplace,Concluída
9,151,3,2025-03-05,1,1069.11,7,27,1187.90,10,Boleto,E-commerce,Concluída
10,179,70,2025-06-21,1,213.30,7,7,213.30,0,Cartão de Crédito,E-commerce,Concluída
11,293,4,2025-12-28,1,205.90,15,35,205.90,0,Cartão de Crédito,Loja Física,Concluída
12,256,91,2025-01-19,2,49.80,4,44,24.90,0,Transferência,Aplicativo,Cancelada
13,214,60,2025-04-20,2,152.80,5,45,76.40,0,Boleto,Loja Física,Concluída
14,117,79,2025-06-02,1,33.85,13,33,33.85,0,Cartão de Crédito,E-commerce,Concluída
15,254,48,2025-05-24,2,18.62,18,58,9.80,5,Transferência,E-commerce,Concluída
16,123,71,2025-04-22,1,353.40,5,45,353.40,0,Boleto,Loja Física,Concluída
17,174,17,2025-06-20,3,411.82,11,31,161.50,15,PIX,Loja Física,Concluída
18,113,27,2025-04-15,3,1151.70,16,36,383.90,0,Cartão de Débito,E-commerce,Concluída
19,117,82,2025-10-04,2,303.81,14,34,159.90,5,Cartão de Débito,Marketplace,Cancelada
20,12,20,2025-01-19,3,2105.73,18,38,779.90,10,PIX,Aplicativo,Cancelada
21,53,73,2025-03-30,1,101.92,5,5,119.90,15,Cartão de Débito,Marketplace,Concluída
22,100,80,2025-04-17,2,121.00,9,9,60.50,0,Transferência,E-commerce,Concluída
23,97,11,2025-01-28,1,159.03,15,55,187.10,15,PIX,E-commerce,Concluída
24,156,25,2025-03-12,3,690.84,2,42,242.40,5,Cartão de Crédito,Marketplace,Concluída
25,119,83,2025-07-14,3,140.13,10,50,51.90,10,Transferência,Loja Física,Concluída
26,265,39,2025-11-12,2,169.10,14,34,89.00,5,Cartão de Débito,E-commerce,Concluída
27,152,48,2025-01-22,2,18.62,7,7,9.80,5,Cartão de Crédito,E-commerce,Concluída
28,120,24,2025-12-06,1,101.90,13,13,101.90,0,PIX,Loja Física,Concluída
29,299,20,2025-03-26,1,779.90,5,45,779.90,0,Boleto,Loja Física,Concluída
30,156,19,2025-02-27,2,1329.81,12,52,699.90,5,PIX,Loja Física,Concluída
31,193,15,2025-07-16,2,1064.70,5,25,591.50,10,Cartão de Débito,E-commerce,Concluída
32,88,12,2025-08-30,1,222.66,17,37,247.40,10,Cartão de Débito,E-commerce,Concluída
33,244,28,2025-10-04,1,75.91,7,47,79.90,5,Boleto,E-commerce,Concluída
34,94,5,2025-02-24,1,538.90,9,49,538.90,0,Boleto,Loja Física,Concluída
35,192,49,2025-02-02,2,64.39,2,42,33.89,5,Cartão de Débito,Marketplace,Concluída
36,231,30,2025-11-03,1,346.40,5,5,346.40,0,Transferência,Loja Física,Concluída
37,132,15,2025-03-14,1,591.50,18,18,591.50,0,Cartão de Débito,E-commerce,Concluída
38,25,69,2025-11-23,1,137.61,13,33,152.90,10,Boleto,Aplicativo,Concluída
39,58,99,2025-03-30,2,53.56,8,28,26.78,0,Cartão de Débito,Loja Física,Concluída
40,188,6,2025-11-05,4,3304.44,10,50,917.90,10,Cartão de Crédito,Marketplace,Concluída
41,50,21,2025-10-04,1,1069.11,4,4,1187.90,10,Transferência,E-commerce,Concluída
42,145,54,2025-06-30,1,34.48,14,54,43.10,20,Cartão de Débito,Loja Física,Concluída
43,183,67,2025-03-04,1,113.73,19,19,133.80,15,Transferência,Aplicativo,Concluída
44,101,85,2025-03-04,1,41.10,10,50,41.10,0,Cartão de Débito,Loja Física,Concluída
45,96,37,2025-10-15,4,759.62,1,1,199.90,5,Cartão de Débito,Marketplace,Concluída
46,146,75,2025-05-10,3,88.80,6,26,29.60,0,PIX,E-commerce,Concluída
47,71,93,2025-02-14,2,71.10,5,45,39.50,10,Cartão de Crédito,E-commerce,Concluída
48,277,76,2025-03-05,2,782.61,5,25,411.90,5,Boleto,Loja Física,Concluída
49,238,85,2025-04-23,2,78.09,16,56,41.10,5,PIX,Loja Física,Concluída
50,82,53,2025-05-24,2,343.23,12,52,201.90,15,PIX,Aplicativo,Concluída
51,138,90,2025-03-01,4,64.94,11,51,19.10,15,Transferência,Loja Física,Cancelada
52,251,93,2025-05-02,2,67.15,6,26,39.50,15,PIX,E-commerce,Concluída
53,263,18,2025-03-18,2,583.49,3,43,307.10,5,Cartão de Débito,E-commerce,Concluída
54,253,50,2025-04-20,2,92.91,18,58,48.90,5,Boleto,Loja Física,Concluída
55,198,71,2025-04-08,1,353.40,1,1,353.40,0,Boleto,E-commerce,Concluída
56,126,1,2025-07-17,2,2999.80,14,14,1499.90,0,Cartão de Crédito,Marketplace,Concluída
57,240,18,2025-01-16,1,276.39,19,39,307.10,10,PIX,Aplicativo,Concluída
58,223,45,2025-12-01,1,145.84,8,28,182.30,20,Transferência,Loja Física,Concluída
59,119,21,2025-05-28,1,1187.90,19,39,1187.90,0,PIX,Marketplace,Concluída
60,120,32,2025-07-12,1,117.52,13,33,146.90,20,Transferência,Marketplace,Concluída
61,188,22,2025-08-24,4,1173.82,14,34,308.90,5,Cartão de Débito,E-commerce,Concluída
62,66,26,2025-06-14,1,81.72,19,59,90.80,10,Transferência,Aplicativo,Concluída
63,60,79,2025-05-06,5,152.33,17,17,33.85,10,Cartão de Débito,Loja Física,Cancelada
64,143,77,2025-01-13,1,176.30,10,30,176.30,0,Transferência,Loja Física,Concluída
65,263,99,2025-07-27,1,26.78,8,28,26.78,0,Boleto,Loja Física,Concluída
66,86,84,2025-04-28,5,110.92,9,9,24.65,10,Boleto,Aplicativo,Concluída
67,74,88,2025-11-18,3,552.62,8,48,193.90,5,PIX,E-commerce,Concluída
68,206,90,2025-04-27,5,95.50,7,27,19.10,0,Transferência,Aplicativo,Concluída
69,114,13,2025-05-04,5,2574.50,20,20,514.90,0,Cartão de Débito,Aplicativo,Concluída
70,243,50,2025-12-17,3,139.36,3,23,48.90,5,Cartão de Crédito,Aplicativo,Concluída
71,48,87,2025-10-12,2,71.20,17,17,35.60,0,Cartão de Débito,Aplicativo,Concluída
72,28,78,2025-07-26,1,38.66,7,47,40.70,5,Transferência,Aplicativo,Concluída
73,219,54,2025-08-17,2,81.89,16,16,43.10,5,PIX,Marketplace,Concluída
74,133,52,2025-04-13,2,61.88,8,8,30.94,0,Cartão de Débito,E-commerce,Concluída
75,122,92,2025-05-06,2,25.50,5,45,13.42,5,PIX,E-commerce,Concluída
76,71,14,2025-09-18,4,1410.84,4,44,391.90,10,Boleto,Loja Física,Concluída
77,213,54,2025-11-27,5,215.50,18,58,43.10,0,Transferência,Loja Física,Concluída
78,34,29,2025-05-18,4,790.00,18,18,197.50,0,Cartão de Débito,E-commerce,Concluída
79,133,24,2025-11-02,5,509.50,20,20,101.90,0,Transferência,Marketplace,Concluída
80,149,92,2025-10-22,2,26.84,3,23,13.42,0,PIX,Marketplace,Concluída
81,165,24,2025-10-11,1,101.90,4,24,101.90,0,Transferência,Loja Física,Concluída
82,251,39,2025-06-03,1,80.10,14,54,89.00,10,Cartão de Débito,Loja Física,Concluída
83,254,97,2025-09-29,2,12.71,16,16,6.69,5,Boleto,Marketplace,Concluída
84,56,24,2025-06-15,1,101.90,2,22,101.90,0,Boleto,Loja Física,Concluída
85,286,44,2025-12-18,5,201.50,18,58,40.30,0,Cartão de Crédito,E-commerce,Concluída
86,136,84,2025-06-16,4,88.74,1,1,24.65,10,Cartão de Débito,Loja Física,Concluída
87,39,86,2025-04-09,3,205.50,7,47,68.50,0,Cartão de Débito,Aplicativo,Concluída
88,227,59,2025-08-24,2,235.00,18,18,117.50,0,Boleto,Marketplace,Concluída
89,235,23,2025-11-27,1,156.70,12,52,156.70,0,Transferência,Loja Física,Concluída
90,286,20,2025-10-13,2,1403.82,18,18,779.90,10,Transferência,Loja Física,Concluída
91,44,24,2025-12-18,3,305.70,8,28,101.90,0,Boleto,Loja Física,Concluída
92,157,40,2025-01-16,1,72.00,11,31,72.00,0,Cartão de Crédito,Loja Física,Concluída
93,188,21,2025-02-21,2,2375.80,8,28,1187.90,0,Cartão de Débito,Marketplace,Concluída
94,168,64,2025-08-24,4,1999.60,3,23,499.90,0,Boleto,E-commerce,Concluída
95,59,34,2025-12-04,5,1115.00,19,19,223.00,0,Cartão de Crédito,E-commerce,Concluída
96,204,72,2025-11-09,2,547.01,4,24,287.90,5,Transferência,Loja Física,Concluída
97,44,91,2025-06-12,1,22.41,11,11,24.90,10,Boleto,Aplicativo,Concluída
98,244,24,2025-03-30,1,101.90,10,50,101.90,0,Transferência,Aplicativo,Concluída
99,230,82,2025-07-03,1,151.91,19,19,159.90,5,Transferência,Aplicativo,Concluída
100,6,21,2025-11-03,1,1187.90,17,57,1187.90,0,PIX,Loja Física,Concluída
101,172,2,2025-06-13,2,6863.80,17,37,3431.90,0,PIX,Loja Física,Concluída
102,33,33,2025-07-22,1,254.90,6,6,254.90,0,PIX,Aplicativo,Concluída
103,260,10,2025-02-24,2,664.81,13,13,349.90,5,PIX,Loja Física,Cancelada
104,81,1,2025-02-19,1,1424.90,16,16,1499.90,5,Cartão de Débito,Loja Física,Concluída
105,217,58,2025-05-25,1,133.80,18,38,133.80,0,Boleto,Loja Física,Concluída
106,10,11,2025-02-15,1,168.39,18,58,187.10,10,PIX,Marketplace,Cancelada
107,114,42,2025-05-15,1,25.40,19,39,25.40,0,Boleto,Loja Física,Concluída
108,107,52,2025-07-11,1,29.39,1,1,30.94,5,Cartão de Débito,Aplicativo,Concluída
109,105,70,2025-06-05,4,682.56,20,60,213.30,20,Cartão de Crédito,Marketplace,Concluída
110,297,24,2025-08-09,2,183.42,3,43,101.90,10,Boleto,Aplicativo,Concluída
111,253,36,2025-02-15,2,86.22,13,53,47.90,10,Boleto,Aplicativo,Concluída
112,58,73,2025-09-23,5,599.50,1,21,119.90,0,Cartão de Débito,Marketplace,Concluída
113,253,98,2025-02-14,3,14.11,16,36,4.95,5,Transferência,Marketplace,Concluída
114,208,20,2025-02-23,2,1481.81,15,15,779.90,5,Boleto,E-commerce,Concluída
115,136,59,2025-04-29,5,528.75,12,12,117.50,10,Boleto,Aplicativo,Concluída
116,15,1,2025-08-27,1,1424.90,6,26,1499.90,5,Cartão de Crédito,Loja Física,Concluída
117,123,80,2025-04-18,1,60.50,19,59,60.50,0,Cartão de Crédito,Marketplace,Cancelada
118,225,66,2025-03-01,3,733.31,10,10,257.30,5,Cartão de Crédito,E-commerce,Concluída
119,218,2,2025-01-12,1,3088.71,18,58,3431.90,10,Cartão de Crédito,Marketplace,Concluída
120,88,7,2025-01-06,3,843.60,5,45,281.20,0,Cartão de Crédito,Loja Física,Concluída
121,129,39,2025-10-19,4,302.60,14,14,89.00,15,PIX,Aplicativo,Concluída
122,236,68,2025-11-29,5,332.77,20,20,78.30,15,PIX,Marketplace,Concluída
123,264,88,2025-03-27,1,193.90,10,10,193.90,0,Boleto,Loja Física,Concluída
124,103,83,2025-04-28,2,88.23,4,44,51.90,15,Boleto,Marketplace,Concluída
125,293,81,2025-12-23,4,473.86,15,55,124.70,5,Cartão de Crédito,Loja Física,Concluída
126,207,52,2025-08-29,1,30.94,1,21,30.94,0,Boleto,Aplicativo,Concluída
127,77,29,2025-02-28,3,562.88,2,2,197.50,5,Cartão de Crédito,Marketplace,Concluída
128,121,30,2025-06-01,1,311.76,14,54,346.40,10,Boleto,Aplicativo,Concluída
129,261,97,2025-04-22,1,6.69,13,33,6.69,0,Transferência,Aplicativo,Concluída
130,278,84,2025-01-08,1,24.65,14,34,24.65,0,Boleto,Marketplace,Concluída
131,89,24,2025-10-01,1,101.90,18,18,101.90,0,PIX,E-commerce,Concluída
132,274,78,2025-11-14,1,40.70,20,60,40.70,0,Cartão de Débito,E-commerce,Concluída
133,31,9,2025-11-29,1,199.60,3,43,249.50,20,Cartão de Crédito,E-commerce,Concluída
134,37,7,2025-05-02,2,506.16,12,32,281.20,10,Boleto,Loja Física,Concluída
135,153,77,2025-11-04,1,176.30,10,10,176.30,0,PIX,Aplicativo,Concluída
136,194,4,2025-05-01,2,370.62,2,42,205.90,10,Cartão de Débito,Marketplace,Concluída
137,93,48,2025-10-18,3,29.40,17,57,9.80,0,Transferência,Aplicativo,Concluída
138,130,23,2025-06-16,1,156.70,1,41,156.70,0,Cartão de Crédito,Marketplace,Concluída
139,8,84,2025-07-05,2,49.30,18,38,24.65,0,PIX,Loja Física,Concluída
140,217,2,2025-05-06,5,17159.50,12,12,3431.90,0,PIX,E-commerce,Concluída
141,109,14,2025-07-12,2,705.42,14,34,391.90,10,Cartão de Crédito,E-commerce,Concluída
142,52,5,2025-01-02,1,485.01,15,15,538.90,10,Cartão de Débito,Aplicativo,Concluída
143,229,70,2025-10-29,1,213.30,15,35,213.30,0,Transferência,Loja Física,Concluída
144,227,39,2025-03-19,2,178.00,3,3,89.00,0,Boleto,Loja Física,Concluída
145,166,84,2025-01-04,1,24.65,18,18,24.65,0,PIX,Loja Física,Concluída
146,293,90,2025-02-12,2,38.20,18,38,19.10,0,Boleto,Aplicativo,Concluída
147,213,46,2025-09-04,1,29.90,2,2,29.90,0,Cartão de Crédito,E-commerce,Concluída
148,267,14,2025-02-19,3,1116.91,18,58,391.90,5,PIX,E-commerce,Concluída
149,24,21,2025-02-18,2,2375.80,4,44,1187.90,0,Boleto,E-commerce,Concluída
150,272,72,2025-07-04,2,575.80,4,4,287.90,0,Transferência,Aplicativo,Concluída
151,288,24,2025-09-12,1,101.90,11,51,101.90,0,Cartão de Débito,E-commerce,Concluída
152,150,20,2025-03-09,2,1559.80,14,54,779.90,0,PIX,E-commerce,Concluída
153,209,53,2025-10-22,1,201.90,6,6,201.90,0,Boleto,Loja Física,Concluída
154,76,19,2025-08-16,5,3499.50,16,36,699.90,0,Boleto,E-commerce,Concluída
155,250,87,2025-03-06,3,96.12,10,10,35.60,10,Transferência,Aplicativo,Concluída
156,263,62,2025-05-12,2,1363.32,7,27,757.40,10,Cartão de Débito,Loja Física,Concluída
157,121,19,2025-05-28,2,1399.80,15,15,699.90,0,Transferência,Loja Física,Concluída
158,290,58,2025-01-27,2,267.60,15,15,133.80,0,Boleto,Loja Física,Concluída
159,193,94,2025-03-25,1,15.67,16,56,17.41,10,PIX,Marketplace,Concluída
160,242,59,2025-02-06,2,188.00,11,51,117.50,20,PIX,Aplicativo,Concluída
161,286,43,2025-05-23,1,6.51,1,21,7.66,15,PIX,Loja Física,Concluída
162,294,67,2025-07-22,5,669.00,19,39,133.80,0,Cartão de Débito,Marketplace,Concluída
163,215,65,2025-06-12,3,5927.70,3,43,1975.90,0,Boleto,Aplicativo,Concluída
164,105,82,2025-04-29,2,287.82,6,46,159.90,10,Cartão de Crédito,Loja Física,Concluída
165,242,27,2025-01-08,1,364.70,13,53,383.90,5,Boleto,E-commerce,Concluída
166,132,93,2025-09-10,1,39.50,7,7,39.50,0,PIX,Marketplace,Concluída
167,42,1,2025-11-23,3,4499.70,20,60,1499.90,0,Boleto,E-commerce,Concluída
168,174,49,2025-05-25,3,86.42,1,21,33.89,15,Boleto,Aplicativo,Concluída
169,130,65,2025-12-02,1,1975.90,4,4,1975.90,0,Cartão de Débito,E-commerce,Concluída
170,64,30,2025-08-17,5,1732.00,20,40,346.40,0,Transferência,Aplicativo,Concluída
171,118,50,2025-11-30,2,97.80,4,24,48.90,0,Transferência,Marketplace,Concluída
172,277,6,2025-07-22,3,2753.70,18,58,917.90,0,Cartão de Débito,Loja Física,Concluída
173,2,28,2025-07-28,2,159.80,9,29,79.90,0,Boleto,Aplicativo,Concluída
174,273,28,2025-05-02,1,75.91,19,39,79.90,5,Cartão de Débito,Loja Física,Concluída
175,14,68,2025-03-10,1,74.38,5,5,78.30,5,Transferência,Aplicativo,Concluída
176,243,25,2025-10-10,3,618.12,14,54,242.40,15,Boleto,Loja Física,Concluída
177,12,17,2025-04-20,1,137.28,19,59,161.50,15,Cartão de Crédito,Aplicativo,Concluída
178,98,52,2025-07-31,1,30.94,2,2,30.94,0,Transferência,Loja Física,Concluída
179,62,2,2025-09-19,1,2745.52,15,15,3431.90,20,Transferência,E-commerce,Concluída
180,289,31,2025-09-24,3,185.10,6,46,61.70,0,Boleto,Aplicativo,Cancelada
181,289,6,2025-01-13,3,2202.96,8,48,917.90,20,PIX,Aplicativo,Concluída
182,136,91,2025-11-26,2,47.31,6,6,24.90,5,Transferência,E-commerce,Concluída
183,263,29,2025-03-28,4,790.00,15,15,197.50,0,Boleto,Aplicativo,Concluída
184,180,2,2025-12-16,1,2745.52,20,60,3431.90,20,Boleto,Loja Física,Concluída
185,153,66,2025-02-23,3,771.90,17,57,257.30,0,PIX,Aplicativo,Concluída
186,231,20,2025-07-03,2,1559.80,3,3,779.90,0,PIX,E-commerce,Concluída
187,141,47,2025-03-19,2,124.60,7,27,62.30,0,PIX,Loja Física,Concluída
188,218,16,2025-09-17,2,271.40,6,26,135.70,0,PIX,Marketplace,Concluída
189,186,93,2025-10-10,2,79.00,15,35,39.50,0,PIX,Marketplace,Concluída
190,74,72,2025-12-11,1,287.90,10,50,287.90,0,Transferência,Marketplace,Concluída
191,102,41,2025-05-29,1,117.50,18,38,117.50,0,Cartão de Crédito,Loja Física,Concluída
192,299,37,2025-09-21,1,199.90,19,59,199.90,0,Boleto,Marketplace,Concluída
193,80,23,2025-12-10,3,470.10,2,22,156.70,0,PIX,Aplicativo,Concluída
194,173,21,2025-04-16,4,4751.60,14,34,1187.90,0,Boleto,Loja Física,Concluída
195,7,38,2025-04-14,1,138.22,2,2,145.50,5,Boleto,E-commerce,Concluída
196,22,39,2025-02-20,3,253.65,7,47,89.00,5,Boleto,Marketplace,Concluída
197,222,75,2025-06-06,3,88.80,11,11,29.60,0,Cartão de Débito,Aplicativo,Concluída
198,92,25,2025-12-29,4,969.60,13,53,242.40,0,Cartão de Débito,Marketplace,Concluída
199,270,34,2025-05-05,3,602.10,6,26,223.00,10,Cartão de Crédito,Marketplace,Concluída
200,132,45,2025-02-11,5,911.50,9,9,182.30,0,Transferência,Aplicativo,Concluída
201,36,30,2025-04-13,1,294.44,5,25,346.40,15,Transferência,Loja Física,Concluída
202,254,37,2025-04-22,3,599.70,12,52,199.90,0,Cartão de Crédito,Marketplace,Concluída
203,85,82,2025-07-30,1,159.90,18,38,159.90,0,Cartão de Débito,Marketplace,Concluída
204,162,55,2025-09-30,1,64.90,5,45,64.90,0,Cartão de Débito,E-commerce,Concluída
205,183,27,2025-08-08,2,652.63,9,9,383.90,15,Cartão de Crédito,Marketplace,Concluída
206,106,38,2025-11-07,1,145.50,6,26,145.50,0,Boleto,Loja Física,Concluída
207,30,6,2025-05-31,1,917.90,13,13,917.90,0,PIX,Loja Física,Concluída
208,25,52,2025-05-25,1,30.94,16,36,30.94,0,PIX,E-commerce,Concluída
209,5,91,2025-01-28,1,23.65,6,26,24.90,5,Cartão de Crédito,Aplicativo,Concluída
210,215,19,2025-02-24,2,1399.80,20,40,699.90,0,Cartão de Débito,Marketplace,Concluída
211,286,13,2025-02-26,2,1029.80,4,44,514.90,0,Transferência,Marketplace,Concluída
212,198,53,2025-07-25,1,201.90,16,56,201.90,0,PIX,Loja Física,Concluída
213,120,4,2025-01-12,1,195.60,14,34,205.90,5,Cartão de Crédito,E-commerce,Concluída
214,191,39,2025-07-26,4,320.40,3,23,89.00,10,Boleto,E-commerce,Concluída
215,1,33,2025-02-04,2,509.80,6,26,254.90,0,Cartão de Crédito,Marketplace,Concluída
216,254,90,2025-10-02,2,34.38,2,22,19.10,10,Boleto,Marketplace,Concluída
217,10,3,2025-04-19,4,4038.86,3,43,1187.90,15,Boleto,Aplicativo,Concluída
218,220,76,2025-06-28,3,1235.70,11,31,411.90,0,Cartão de Crédito,Aplicativo,Concluída
219,188,12,2025-07-29,1,210.29,20,40,247.40,15,Boleto,Loja Física,Concluída
220,30,69,2025-07-29,2,305.80,13,53,152.90,0,PIX,Marketplace,Concluída
221,97,54,2025-02-25,4,172.40,16,56,43.10,0,PIX,E-commerce,Concluída
222,296,93,2025-08-12,2,79.00,3,23,39.50,0,Transferência,Marketplace,Concluída
223,155,37,2025-08-09,1,189.91,2,2,199.90,5,Boleto,E-commerce,Concluída
224,58,98,2025-05-13,1,4.70,10,30,4.95,5,PIX,Marketplace,Concluída
225,67,76,2025-11-28,1,370.71,16,56,411.90,10,Transferência,Loja Física,Concluída
226,13,88,2025-06-30,1,164.81,2,2,193.90,15,Cartão de Crédito,Marketplace,Concluída
227,289,11,2025-12-05,1,187.10,18,58,187.10,0,Cartão de Crédito,E-commerce,Concluída
228,120,60,2025-08-22,1,72.58,2,22,76.40,5,Boleto,Loja Física,Concluída
229,218,54,2025-01-29,2,86.20,13,33,43.10,0,Transferência,Loja Física,Concluída
230,37,82,2025-02-05,2,319.80,18,38,159.90,0,Boleto,Loja Física,Concluída
231,240,28,2025-08-30,1,75.91,2,22,79.90,5,Cartão de Crédito,Aplicativo,Concluída
232,205,69,2025-04-20,2,305.80,8,48,152.90,0,Cartão de Crédito,Loja Física,Concluída
233,240,64,2025-12-21,2,899.82,18,38,499.90,10,Boleto,Marketplace,Concluída
234,214,78,2025-10-19,2,81.40,13,13,40.70,0,PIX,E-commerce,Concluída
235,296,50,2025-03-19,1,48.90,8,8,48.90,0,Cartão de Crédito,E-commerce,Concluída
236,113,21,2025-08-28,1,1069.11,16,16,1187.90,10,Transferência,Loja Física,Concluída
237,224,90,2025-01-12,1,19.10,7,7,19.10,0,PIX,E-commerce,Concluída
238,41,81,2025-07-25,1,99.76,10,10,124.70,20,Cartão de Débito,Loja Física,Concluída
239,69,33,2025-10-19,4,1019.60,15,35,254.90,0,Transferência,E-commerce,Concluída
240,83,35,2025-12-09,2,363.40,10,50,181.70,0,PIX,E-commerce,Concluída
241,247,35,2025-07-31,1,154.44,15,35,181.70,15,PIX,E-commerce,Concluída
242,6,36,2025-06-02,1,47.90,2,2,47.90,0,PIX,Loja Física,Concluída
243,150,25,2025-12-24,2,484.80,8,28,242.40,0,PIX,Loja Física,Concluída
244,256,65,2025-07-03,3,5631.32,18,58,1975.90,5,Cartão de Débito,Loja Física,Concluída
245,104,85,2025-03-30,3,123.30,12,12,41.10,0,Cartão de Crédito,Marketplace,Concluída
246,182,69,2025-09-30,2,305.80,7,7,152.90,0,Cartão de Débito,Marketplace,Concluída
247,177,86,2025-08-30,4,274.00,20,60,68.50,0,Cartão de Crédito,Loja Física,Concluída
248,12,21,2025-04-14,2,2375.80,6,26,1187.90,0,Cartão de Débito,Loja Física,Concluída
249,208,85,2025-03-18,3,123.30,1,41,41.10,0,Boleto,Marketplace,Concluída
250,229,32,2025-07-06,1,146.90,16,56,146.90,0,Cartão de Crédito,Aplicativo,Concluída
251,74,92,2025-01-08,1,13.42,6,46,13.42,0,PIX,E-commerce,Concluída
252,144,86,2025-04-05,2,137.00,8,28,68.50,0,Cartão de Débito,Marketplace,Concluída
253,144,74,2025-11-09,2,88.23,9,29,51.90,15,Boleto,E-commerce,Concluída
254,183,60,2025-01-23,2,152.80,9,9,76.40,0,Cartão de Crédito,E-commerce,Concluída
255,60,21,2025-11-06,1,1128.51,10,10,1187.90,5,Cartão de Débito,Aplicativo,Concluída
256,263,16,2025-09-23,3,407.10,8,48,135.70,0,PIX,Loja Física,Concluída
257,189,33,2025-04-06,1,242.16,3,43,254.90,5,Cartão de Crédito,Loja Física,Concluída
258,248,33,2025-11-13,1,242.16,15,55,254.90,5,Cartão de Débito,Marketplace,Concluída
259,213,90,2025-05-25,3,57.30,18,38,19.10,0,Cartão de Débito,Marketplace,Concluída
260,7,89,2025-07-28,1,151.40,19,39,151.40,0,Cartão de Crédito,Marketplace,Concluída
261,130,27,2025-06-11,3,1151.70,7,47,383.90,0,Transferência,Marketplace,Concluída
262,243,66,2025-12-27,1,231.57,13,13,257.30,10,Transferência,Marketplace,Concluída
263,180,47,2025-04-24,1,59.18,8,8,62.30,5,Boleto,Marketplace,Concluída
264,105,99,2025-06-08,2,50.88,11,51,26.78,5,Boleto,Loja Física,Concluída
265,223,55,2025-01-29,1,64.90,11,31,64.90,0,Cartão de Débito,Aplicativo,Concluída
266,224,32,2025-06-17,2,293.80,5,45,146.90,0,Transferência,Marketplace,Concluída
267,243,78,2025-02-03,2,81.40,12,12,40.70,0,Boleto,Aplicativo,Concluída
268,265,29,2025-02-07,1,177.75,20,40,197.50,10,Cartão de Débito,Aplicativo,Concluída
269,207,63,2025-12-23,1,105.50,1,21,105.50,0,PIX,Marketplace,Concluída
270,200,30,2025-10-11,4,1385.60,1,21,346.40,0,Cartão de Crédito,Aplicativo,Concluída
271,183,67,2025-10-03,3,381.33,15,35,133.80,5,Cartão de Crédito,Marketplace,Concluída
272,260,11,2025-06-04,5,888.72,20,60,187.10,5,PIX,Loja Física,Concluída
273,228,96,2025-06-22,2,20.20,11,11,10.10,0,Transferência,Loja Física,Concluída
274,235,99,2025-05-16,1,25.44,10,50,26.78,5,PIX,Loja Física,Concluída
275,162,18,2025-01-12,2,614.20,2,42,307.10,0,Cartão de Crédito,Marketplace,Concluída
276,268,100,2025-05-29,1,8.90,19,19,8.90,0,Boleto,Loja Física,Concluída
277,242,83,2025-12-14,2,103.80,9,9,51.90,0,Cartão de Crédito,Marketplace,Concluída
278,111,36,2025-10-13,1,45.50,13,13,47.90,5,Cartão de Débito,Marketplace,Concluída
279,282,3,2025-06-07,3,3385.52,20,60,1187.90,5,Cartão de Crédito,Loja Física,Concluída
280,85,83,2025-08-04,1,46.71,19,39,51.90,10,Transferência,Marketplace,Concluída
281,29,43,2025-10-18,1,7.66,13,53,7.66,0,Transferência,Marketplace,Concluída
282,46,7,2025-12-16,1,281.20,15,35,281.20,0,Boleto,Aplicativo,Concluída
283,172,47,2025-03-01,3,186.90,5,25,62.30,0,Transferência,Marketplace,Concluída
284,176,64,2025-11-30,4,1999.60,19,39,499.90,0,Transferência,E-commerce,Concluída
285,281,2,2025-02-28,2,6177.42,10,10,3431.90,10,Cartão de Débito,Loja Física,Concluída
286,253,25,2025-02-25,3,618.12,1,21,242.40,15,Transferência,Marketplace,Concluída
287,260,95,2025-10-31,1,6.97,16,36,7.74,10,Transferência,Marketplace,Concluída
288,281,53,2025-06-02,2,403.80,6,46,201.90,0,PIX,Loja Física,Concluída
289,292,72,2025-10-07,1,287.90,10,10,287.90,0,PIX,Marketplace,Concluída
290,153,99,2025-12-02,1,25.44,5,5,26.78,5,Cartão de Crédito,Aplicativo,Concluída
291,101,15,2025-11-12,1,591.50,6,26,591.50,0,PIX,Aplicativo,Concluída
292,188,26,2025-02-13,3,258.78,10,50,90.80,5,Cartão de Débito,E-commerce,Concluída
293,45,98,2025-06-01,2,9.90,20,20,4.95,0,PIX,E-commerce,Concluída
294,194,63,2025-06-19,1,94.95,2,2,105.50,10,Boleto,E-commerce,Concluída
295,231,69,2025-03-25,1,137.61,1,21,152.90,10,Transferência,Marketplace,Concluída
296,2,84,2025-03-05,1,20.95,14,34,24.65,15,Cartão de Débito,Marketplace,Concluída
297,150,68,2025-07-13,1,70.47,17,37,78.30,10,Boleto,Aplicativo,Concluída
298,140,7,2025-09-20,1,281.20,1,21,281.20,0,Cartão de Débito,E-commerce,Concluída
299,169,44,2025-10-19,2,80.60,11,11,40.30,0,Boleto,Loja Física,Concluída
300,21,66,2025-03-08,1,257.30,11,51,257.30,0,Cartão de Crédito,E-commerce,Concluída
301,10,38,2025-03-12,3,414.67,2,2,145.50,5,PIX,E-commerce,Concluída
302,272,1,2025-04-04,1,1499.90,12,32,1499.90,0,PIX,Aplicativo,Concluída
303,254,55,2025-11-11,1,64.90,20,20,64.90,0,PIX,Loja Física,Concluída
304,107,96,2025-05-10,1,9.59,8,28,10.10,5,Boleto,Loja Física,Concluída
305,253,85,2025-06-11,1,39.05,19,39,41.10,5,Cartão de Crédito,Loja Física,Concluída
306,243,5,2025-02-08,2,1023.91,13,33,538.90,5,Boleto,E-commerce,Concluída
307,230,25,2025-02-25,1,218.16,17,17,242.40,10,Cartão de Crédito,Loja Física,Concluída
308,220,5,2025-09-18,1,538.90,15,55,538.90,0,Cartão de Débito,Aplicativo,Concluída
309,101,11,2025-04-12,1,187.10,6,46,187.10,0,Cartão de Débito,Aplicativo,Concluída
310,42,56,2025-10-14,2,374.20,8,8,187.10,0,Boleto,Marketplace,Concluída
311,65,56,2025-04-19,4,673.56,13,33,187.10,10,Transferência,Marketplace,Concluída
312,32,71,2025-02-10,1,353.40,16,36,353.40,0,Cartão de Crédito,E-commerce,Concluída
313,251,86,2025-12-07,5,308.25,2,22,68.50,10,Boleto,Loja Física,Concluída
314,76,49,2025-02-01,5,160.98,7,7,33.89,5,Cartão de Crédito,Marketplace,Concluída
315,102,61,2025-02-01,3,1571.13,5,5,581.90,10,Transferência,Loja Física,Concluída
316,59,32,2025-07-06,1,146.90,20,20,146.90,0,PIX,Loja Física,Concluída
317,178,13,2025-11-22,4,2059.60,17,17,514.90,0,Cartão de Crédito,E-commerce,Cancelada
318,211,13,2025-01-19,2,1029.80,11,11,514.90,0,Boleto,Marketplace,Concluída
319,118,77,2025-02-19,1,176.30,1,1,176.30,0,PIX,Loja Física,Concluída
320,17,85,2025-03-31,1,41.10,5,25,41.10,0,Cartão de Débito,Marketplace,Concluída
321,64,74,2025-01-07,4,197.22,20,60,51.90,5,PIX,Marketplace,Concluída
322,245,73,2025-10-02,2,215.82,17,17,119.90,10,Cartão de Crédito,Loja Física,Concluída
323,117,55,2025-01-18,1,61.66,4,4,64.90,5,PIX,Marketplace,Concluída
324,136,19,2025-12-10,1,594.91,17,17,699.90,15,Transferência,Aplicativo,Concluída
325,152,99,2025-11-20,2,48.20,8,28,26.78,10,Cartão de Débito,Marketplace,Concluída
326,84,40,2025-10-28,2,129.60,19,19,72.00,10,Boleto,Aplicativo,Concluída
327,194,43,2025-01-26,1,6.89,10,10,7.66,10,PIX,Aplicativo,Concluída
328,97,40,2025-09-16,2,144.00,16,36,72.00,0,Boleto,Aplicativo,Concluída
329,95,15,2025-11-16,2,1123.85,11,51,591.50,5,Cartão de Crédito,Marketplace,Concluída
330,124,96,2025-02-28,3,30.30,9,9,10.10,0,Boleto,Aplicativo,Cancelada
331,155,23,2025-06-04,2,297.73,6,26,156.70,5,PIX,Aplicativo,Concluída
332,218,87,2025-02-20,4,128.16,19,59,35.60,10,Boleto,Aplicativo,Concluída
333,189,51,2025-12-21,1,28.97,8,28,30.50,5,Cartão de Débito,Aplicativo,Concluída
334,28,24,2025-11-09,4,346.46,11,51,101.90,15,PIX,E-commerce,Concluída
335,147,85,2025-01-21,1,41.10,20,40,41.10,0,Cartão de Débito,Marketplace,Concluída
336,142,63,2025-06-24,1,105.50,1,1,105.50,0,Boleto,Aplicativo,Concluída
337,41,98,2025-12-31,1,4.95,4,24,4.95,0,Boleto,Loja Física,Concluída
338,140,35,2025-11-10,3,545.10,8,8,181.70,0,Boleto,Marketplace,Concluída
339,121,51,2025-04-25,4,115.90,20,40,30.50,5,Cartão de Débito,E-commerce,Concluída
340,274,10,2025-09-23,1,349.90,12,52,349.90,0,Boleto,Marketplace,Concluída
341,292,17,2025-10-19,3,460.27,10,10,161.50,5,Cartão de Débito,Aplicativo,Concluída
342,121,29,2025-06-05,1,197.50,6,6,197.50,0,Cartão de Crédito,E-commerce,Concluída
343,117,65,2025-02-11,1,1679.52,17,17,1975.90,15,Cartão de Débito,Marketplace,Concluída
344,24,80,2025-05-23,1,57.47,9,29,60.50,5,PIX,Aplicativo,Concluída
345,102,36,2025-11-19,1,45.50,20,20,47.90,5,Boleto,Marketplace,Concluída
346,143,46,2025-03-16,2,59.80,8,8,29.90,0,Cartão de Débito,Aplicativo,Concluída
347,257,63,2025-01-26,1,100.22,6,26,105.50,5,Cartão de Débito,E-commerce,Concluída
348,262,87,2025-09-14,3,101.46,2,2,35.60,5,Cartão de Crédito,Marketplace,Concluída
349,210,54,2025-01-09,1,38.79,15,35,43.10,10,Transferência,Marketplace,Concluída
350,86,71,2025-01-18,1,353.40,11,31,353.40,0,Cartão de Crédito,Marketplace,Concluída
351,236,57,2025-05-23,4,498.60,6,6,138.50,10,PIX,Aplicativo,Concluída
352,65,3,2025-11-19,2,2138.22,3,23,1187.90,10,Transferência,Aplicativo,Concluída
353,136,52,2025-02-04,2,61.88,17,37,30.94,0,Boleto,Loja Física,Concluída
354,165,35,2025-09-13,1,154.44,2,22,181.70,15,PIX,E-commerce,Concluída
355,230,2,2025-01-05,1,3088.71,2,42,3431.90,10,Cartão de Crédito,Aplicativo,Concluída
356,123,52,2025-07-29,1,30.94,18,58,30.94,0,Cartão de Crédito,Marketplace,Concluída
357,64,27,2025-06-09,1,383.90,19,19,383.90,0,Boleto,E-commerce,Concluída
358,266,41,2025-08-10,2,235.00,14,14,117.50,0,Cartão de Crédito,Aplicativo,Concluída
359,246,100,2025-07-22,1,8.90,17,37,8.90,0,Transferência,Marketplace,Concluída
360,67,20,2025-04-10,1,779.90,18,38,779.90,0,PIX,Loja Física,Concluída
361,37,56,2025-05-04,2,374.20,10,50,187.10,0,PIX,Loja Física,Concluída
362,298,67,2025-07-20,1,133.80,17,17,133.80,0,Cartão de Crédito,Loja Física,Concluída
363,127,98,2025-03-26,4,16.83,2,22,4.95,15,Cartão de Crédito,E-commerce,Concluída
364,139,61,2025-10-05,1,581.90,8,48,581.90,0,Cartão de Débito,E-commerce,Concluída
365,158,88,2025-04-08,1,193.90,20,40,193.90,0,Cartão de Débito,E-commerce,Concluída
366,32,90,2025-05-17,1,17.19,16,36,19.10,10,Cartão de Crédito,Marketplace,Concluída
367,46,97,2025-08-18,1,6.69,15,35,6.69,0,Cartão de Débito,Marketplace,Concluída
368,4,62,2025-08-09,2,1514.80,5,5,757.40,0,Cartão de Crédito,Marketplace,Concluída
369,296,67,2025-10-21,1,133.80,8,48,133.80,0,Boleto,Aplicativo,Concluída
370,31,94,2025-01-12,1,17.41,7,27,17.41,0,Transferência,Marketplace,Concluída
371,159,1,2025-05-03,1,1499.90,8,48,1499.90,0,Cartão de Débito,Aplicativo,Concluída
372,276,64,2025-10-16,2,949.81,10,30,499.90,5,Boleto,Aplicativo,Concluída
373,264,97,2025-08-20,2,13.38,17,57,6.69,0,Cartão de Crédito,E-commerce,Concluída
374,138,33,2025-08-25,2,509.80,8,28,254.90,0,Cartão de Crédito,Aplicativo,Concluída
375,263,87,2025-08-25,5,178.00,15,15,35.60,0,Cartão de Crédito,Loja Física,Concluída
376,42,17,2025-04-23,1,153.42,4,44,161.50,5,Cartão de Débito,Aplicativo,Cancelada
377,217,36,2025-10-12,2,95.80,7,47,47.90,0,Cartão de Crédito,Marketplace,Concluída
378,224,82,2025-07-29,3,479.70,16,16,159.90,0,Transferência,Marketplace,Concluída
379,161,42,2025-06-10,3,76.20,9,49,25.40,0,Boleto,Aplicativo,Concluída
380,55,63,2025-01-05,1,100.22,12,12,105.50,5,Cartão de Crédito,Loja Física,Concluída
381,295,32,2025-11-22,2,279.11,10,50,146.90,5,Boleto,Loja Física,Concluída
382,186,85,2025-07-03,1,39.05,16,56,41.10,5,Cartão de Débito,Loja Física,Cancelada
383,161,87,2025-08-09,1,35.60,1,1,35.60,0,Cartão de Crédito,Aplicativo,Concluída
384,153,73,2025-07-15,3,359.70,3,3,119.90,0,Cartão de Crédito,E-commerce,Concluída
385,42,13,2025-12-11,1,514.90,10,10,514.90,0,Cartão de Crédito,Loja Física,Concluída
386,31,17,2025-04-30,1,161.50,4,44,161.50,0,PIX,E-commerce,Concluída
387,272,46,2025-02-19,3,85.21,16,16,29.90,5,Boleto,Loja Física,Concluída
388,39,3,2025-10-14,3,3385.52,7,47,1187.90,5,Cartão de Débito,E-commerce,Concluída
389,189,12,2025-11-11,4,841.16,13,13,247.40,15,Cartão de Débito,Marketplace,Concluída
390,228,59,2025-09-16,1,111.62,11,51,117.50,5,Cartão de Débito,Marketplace,Concluída
391,194,14,2025-06-25,2,627.04,2,42,391.90,20,Boleto,E-commerce,Concluída
392,255,49,2025-05-03,4,128.78,4,44,33.89,5,Boleto,Loja Física,Concluída
393,285,65,2025-09-09,2,3951.80,5,25,1975.90,0,Cartão de Crédito,Marketplace,Concluída
394,199,35,2025-08-10,1,181.70,1,1,181.70,0,Cartão de Débito,E-commerce,Concluída
395,54,65,2025-06-12,2,3951.80,10,30,1975.90,0,Cartão de Débito,Marketplace,Concluída
396,246,52,2025-02-16,2,61.88,20,40,30.94,0,Cartão de Débito,E-commerce,Concluída
397,158,78,2025-07-13,1,38.66,8,48,40.70,5,Cartão de Débito,Marketplace,Concluída
398,39,34,2025-09-25,1,200.70,20,20,223.00,10,Boleto,E-commerce,Concluída
399,9,79,2025-08-15,1,33.85,19,59,33.85,0,Cartão de Crédito,Aplicativo,Cancelada
400,159,57,2025-11-08,1,138.50,18,58,138.50,0,Boleto,Marketplace,Concluída
401,158,61,2025-01-02,1,581.90,16,16,581.90,0,Cartão de Débito,E-commerce,Concluída
402,273,99,2025-09-13,2,50.88,16,56,26.78,5,PIX,Loja Física,Concluída
403,224,31,2025-06-18,1,61.70,7,47,61.70,0,PIX,Aplicativo,Concluída
404,225,45,2025-12-12,3,519.56,17,57,182.30,5,Cartão de Débito,Marketplace,Concluída
405,128,56,2025-01-24,1,187.10,10,50,187.10,0,Boleto,Aplicativo,Concluída
406,106,88,2025-09-14,1,193.90,1,21,193.90,0,Cartão de Crédito,Loja Física,Concluída
407,166,69,2025-12-27,2,305.80,10,30,152.90,0,Boleto,Marketplace,Concluída
408,169,60,2025-06-09,1,76.40,4,44,76.40,0,Boleto,E-commerce,Concluída
409,19,95,2025-11-01,2,13.93,6,26,7.74,10,Cartão de Crédito,Aplicativo,Concluída
410,161,100,2025-11-25,2,14.24,4,4,8.90,20,Boleto,Loja Física,Concluída
411,297,66,2025-03-28,1,257.30,16,36,257.30,0,Cartão de Crédito,Loja Física,Concluída
412,96,24,2025-04-05,4,407.60,9,29,101.90,0,Cartão de Débito,E-commerce,Cancelada
413,44,11,2025-07-25,1,177.74,16,56,187.10,5,Cartão de Crédito,Aplicativo,Concluída
414,155,10,2025-03-01,2,629.82,9,49,349.90,10,PIX,Loja Física,Concluída
415,105,39,2025-04-09,2,160.20,3,3,89.00,10,Cartão de Crédito,Marketplace,Concluída
416,199,73,2025-10-29,2,239.80,17,57,119.90,0,Transferência,Aplicativo,Concluída
417,120,86,2025-08-04,1,65.08,16,56,68.50,5,PIX,Marketplace,Concluída
418,67,53,2025-05-22,3,514.85,1,1,201.90,15,Boleto,Loja Física,Concluída
419,47,62,2025-05-02,4,3029.60,16,56,757.40,0,PIX,Loja Física,Concluída
420,41,73,2025-10-07,1,101.92,16,56,119.90,15,Cartão de Débito,Marketplace,Concluída
421,180,30,2025-02-12,1,346.40,2,2,346.40,0,PIX,E-commerce,Concluída
422,163,28,2025-04-21,3,227.72,7,47,79.90,5,Transferência,Aplicativo,Concluída
423,274,31,2025-03-27,1,52.45,6,26,61.70,15,Cartão de Crédito,E-commerce,Concluída
424,285,23,2025-06-22,2,282.06,7,47,156.70,10,Boleto,Aplicativo,Concluída
425,245,50,2025-06-08,3,146.70,9,49,48.90,0,Boleto,Aplicativo,Concluída
426,90,21,2025-08-31,1,1069.11,6,46,1187.90,10,Boleto,E-commerce,Concluída
427,298,96,2025-01-08,1,9.59,14,34,10.10,5,Transferência,Marketplace,Cancelada
428,94,27,2025-03-18,1,364.70,8,8,383.90,5,Cartão de Débito,E-commerce,Concluída
429,156,60,2025-04-17,1,72.58,4,4,76.40,5,Boleto,E-commerce,Concluída
430,261,85,2025-04-11,2,78.09,11,51,41.10,5,Cartão de Crédito,Marketplace,Concluída
431,40,80,2025-11-26,2,108.90,11,51,60.50,10,Transferência,Loja Física,Concluída
432,84,67,2025-06-25,1,133.80,20,40,133.80,0,Boleto,Marketplace,Concluída
433,59,95,2025-01-23,1,6.97,11,31,7.74,10,Cartão de Débito,Loja Física,Concluída
434,111,8,2025-07-04,4,524.80,15,55,131.20,0,Transferência,Marketplace,Concluída
435,141,59,2025-01-19,2,211.50,4,4,117.50,10,Cartão de Débito,Aplicativo,Concluída
436,87,91,2025-08-18,3,74.70,4,24,24.90,0,Cartão de Débito,Marketplace,Concluída
437,278,41,2025-06-22,1,111.62,17,17,117.50,5,Transferência,Loja Física,Concluída
438,36,95,2025-06-22,1,7.74,11,51,7.74,0,Boleto,Aplicativo,Concluída
439,160,59,2025-08-13,1,117.50,9,49,117.50,0,Transferência,E-commerce,Concluída
440,182,22,2025-05-29,1,308.90,17,57,308.90,0,Boleto,Loja Física,Concluída
441,65,39,2025-04-28,2,178.00,6,46,89.00,0,Cartão de Débito,Aplicativo,Concluída
442,198,33,2025-11-25,2,509.80,10,10,254.90,0,Boleto,Aplicativo,Concluída
443,48,20,2025-02-08,4,3119.60,16,36,779.90,0,Cartão de Crédito,Aplicativo,Concluída
444,145,25,2025-03-25,2,460.56,11,31,242.40,5,Cartão de Débito,Marketplace,Cancelada
445,282,3,2025-02-04,5,5939.50,16,56,1187.90,0,PIX,Loja Física,Concluída
446,244,63,2025-05-02,1,105.50,11,31,105.50,0,Cartão de Débito,Loja Física,Concluída
447,124,40,2025-08-20,3,194.40,19,59,72.00,10,Cartão de Crédito,Aplicativo,Concluída
448,66,71,2025-05-04,1,300.39,8,48,353.40,15,Boleto,E-commerce,Concluída
449,77,84,2025-08-15,2,46.83,6,46,24.65,5,Boleto,Aplicativo,Concluída
450,160,93,2025-03-27,1,39.50,17,17,39.50,0,Cartão de Crédito,Loja Física,Cancelada
451,18,100,2025-05-24,1,7.57,1,1,8.90,15,PIX,Marketplace,Concluída
452,125,43,2025-12-07,2,15.32,11,11,7.66,0,Cartão de Débito,Aplicativo,Concluída
453,276,5,2025-11-14,2,1077.80,7,27,538.90,0,Cartão de Crédito,Marketplace,Concluída
454,53,91,2025-08-07,1,24.90,19,59,24.90,0,PIX,E-commerce,Concluída
455,280,90,2025-05-29,1,16.23,7,27,19.10,15,Boleto,Marketplace,Concluída
456,236,94,2025-08-15,1,17.41,14,14,17.41,0,PIX,Marketplace,Concluída
457,5,23,2025-07-11,3,470.10,14,14,156.70,0,Boleto,Marketplace,Concluída
458,172,100,2025-09-08,2,16.91,12,52,8.90,5,PIX,Marketplace,Cancelada
459,278,94,2025-08-03,3,52.23,6,46,17.41,0,Boleto,Loja Física,Concluída
460,24,55,2025-12-13,4,259.60,2,42,64.90,0,Transferência,Marketplace,Concluída
461,75,74,2025-01-19,1,46.71,5,5,51.90,10,PIX,E-commerce,Concluída
462,215,15,2025-03-04,4,2366.00,5,5,591.50,0,Boleto,Loja Física,Concluída
463,66,51,2025-03-26,2,61.00,10,30,30.50,0,Boleto,E-commerce,Concluída
464,142,10,2025-10-20,2,699.80,4,4,349.90,0,Transferência,Marketplace,Concluída
465,119,16,2025-03-26,1,135.70,7,27,135.70,0,Transferência,Loja Física,Concluída
466,42,30,2025-07-01,1,329.08,5,25,346.40,5,Cartão de Débito,Loja Física,Concluída
467,11,14,2025-11-18,1,372.30,6,26,391.90,5,Transferência,Aplicativo,Concluída
468,104,14,2025-01-13,1,391.90,14,34,391.90,0,Boleto,Loja Física,Concluída
469,223,85,2025-11-09,1,32.88,7,27,41.10,20,Transferência,Loja Física,Concluída
470,89,84,2025-07-25,1,24.65,9,49,24.65,0,Cartão de Débito,Marketplace,Concluída
471,50,40,2025-04-03,1,72.00,13,33,72.00,0,Boleto,Marketplace,Concluída
472,57,43,2025-10-17,1,7.66,2,22,7.66,0,PIX,Loja Física,Concluída
473,147,56,2025-04-05,2,355.49,13,53,187.10,5,Transferência,E-commerce,Concluída
474,152,74,2025-07-01,3,155.70,20,60,51.90,0,Transferência,Loja Física,Concluída
475,199,72,2025-02-19,1,287.90,20,60,287.90,0,Cartão de Crédito,Aplicativo,Concluída
476,135,84,2025-01-27,2,49.30,12,12,24.65,0,PIX,Loja Física,Concluída
477,146,44,2025-04-15,5,171.28,1,41,40.30,15,Cartão de Débito,Aplicativo,Concluída
478,289,39,2025-01-12,1,80.10,20,60,89.00,10,Transferência,E-commerce,Concluída
479,19,16,2025-01-13,1,135.70,13,53,135.70,0,Transferência,Loja Física,Concluída
480,165,91,2025-07-18,3,74.70,5,5,24.90,0,Transferência,Aplicativo,Concluída
481,296,72,2025-11-02,1,287.90,1,21,287.90,0,Boleto,Aplicativo,Concluída
482,104,77,2025-01-16,1,167.49,8,8,176.30,5,Boleto,Marketplace,Concluída
483,87,44,2025-11-19,1,40.30,11,11,40.30,0,Transferência,E-commerce,Concluída
484,118,13,2025-08-02,1,489.15,10,30,514.90,5,Cartão de Crédito,Marketplace,Concluída
485,297,25,2025-04-04,1,193.92,16,16,242.40,20,Cartão de Crédito,E-commerce,Concluída
486,68,91,2025-10-06,2,49.80,2,42,24.90,0,Transferência,Aplicativo,Cancelada
487,49,14,2025-08-16,2,744.61,9,29,391.90,5,Cartão de Débito,Loja Física,Concluída
488,229,13,2025-12-01,3,1390.23,16,16,514.90,10,PIX,E-commerce,Concluída
489,243,43,2025-01-12,3,20.68,20,40,7.66,10,Cartão de Crédito,E-commerce,Concluída
490,8,79,2025-01-21,3,101.55,10,10,33.85,0,Cartão de Débito,Aplicativo,Concluída
491,253,21,2025-03-21,3,3029.14,1,1,1187.90,15,Cartão de Débito,E-commerce,Concluída
492,211,59,2025-01-22,4,399.50,4,4,117.50,15,PIX,Aplicativo,Concluída
493,233,19,2025-10-15,1,664.90,14,14,699.90,5,PIX,E-commerce,Concluída
494,214,92,2025-04-27,1,12.75,7,47,13.42,5,Boleto,Aplicativo,Concluída
495,217,59,2025-05-18,1,99.88,7,27,117.50,15,Cartão de Crédito,E-commerce,Concluída
496,14,39,2025-03-15,2,169.10,19,19,89.00,5,Cartão de Crédito,Marketplace,Concluída
497,220,19,2025-07-20,1,699.90,19,39,699.90,0,Transferência,Marketplace,Concluída
498,106,58,2025-01-28,1,127.11,2,2,133.80,5,Cartão de Débito,Loja Física,Concluída
499,107,43,2025-11-04,1,6.89,16,56,7.66,10,PIX,Loja Física,Concluída
500,194,36,2025-01-27,3,136.51,5,45,47.90,5,Cartão de Crédito,E-commerce,Concluída
501,261,22,2025-09-14,1,308.90,15,55,308.90,0,Cartão de Crédito,Marketplace,Concluída
502,114,58,2025-01-19,2,227.46,9,29,133.80,15,Cartão de Crédito,Marketplace,Cancelada
503,290,88,2025-11-21,3,581.70,2,42,193.90,0,Cartão de Crédito,Loja Física,Concluída
504,231,66,2025-01-25,2,514.60,19,59,257.30,0,Cartão de Crédito,Loja Física,Concluída
505,194,51,2025-08-10,1,28.97,9,49,30.50,5,PIX,Aplicativo,Concluída
506,276,76,2025-02-08,1,370.71,15,35,411.90,10,Transferência,Aplicativo,Concluída
507,68,89,2025-06-18,1,143.83,10,30,151.40,5,Cartão de Débito,Loja Física,Concluída
508,151,67,2025-06-20,2,267.60,13,13,133.80,0,Transferência,E-commerce,Concluída
509,186,25,2025-12-06,2,484.80,15,55,242.40,0,PIX,Aplicativo,Concluída
510,285,92,2025-05-05,2,25.50,12,32,13.42,5,Transferência,Marketplace,Concluída
511,175,8,2025-05-24,1,124.64,7,27,131.20,5,Boleto,E-commerce,Concluída
512,286,81,2025-10-08,2,249.40,14,14,124.70,0,Transferência,Aplicativo,Concluída
513,120,8,2025-07-02,3,314.88,15,35,131.20,20,PIX,Marketplace,Concluída
514,19,83,2025-10-02,5,233.55,1,1,51.90,10,Transferência,Aplicativo,Concluída
515,283,11,2025-12-27,3,561.30,15,15,187.10,0,PIX,Loja Física,Concluída
516,146,51,2025-08-19,3,91.50,2,2,30.50,0,Boleto,Loja Física,Concluída
517,159,32,2025-11-26,2,235.04,10,50,146.90,20,Cartão de Crédito,E-commerce,Concluída
518,86,79,2025-08-30,3,101.55,15,55,33.85,0,Boleto,Loja Física,Cancelada
519,81,73,2025-03-30,1,113.91,20,40,119.90,5,Cartão de Débito,E-commerce,Concluída
520,68,42,2025-11-24,1,20.32,8,28,25.40,20,Boleto,Loja Física,Concluída
521,223,93,2025-03-03,4,158.00,14,14,39.50,0,PIX,Aplicativo,Concluída
522,32,84,2025-01-28,1,24.65,7,47,24.65,0,Cartão de Crédito,E-commerce,Concluída
523,264,1,2025-12-08,1,1424.90,12,52,1499.90,5,PIX,Marketplace,Concluída
524,208,87,2025-04-09,2,71.20,17,57,35.60,0,PIX,E-commerce,Concluída
525,48,69,2025-07-22,1,152.90,17,37,152.90,0,Boleto,E-commerce,Concluída
526,214,34,2025-01-03,1,211.85,13,53,223.00,5,PIX,E-commerce,Concluída
527,46,22,2025-04-09,5,1544.50,3,3,308.90,0,Boleto,Loja Física,Concluída
528,43,80,2025-03-13,3,181.50,6,46,60.50,0,PIX,Loja Física,Concluída
529,158,93,2025-06-28,4,134.30,4,4,39.50,15,Cartão de Débito,Aplicativo,Concluída
530,59,78,2025-07-02,3,116.00,19,59,40.70,5,Cartão de Débito,Loja Física,Concluída
531,182,96,2025-01-29,1,10.10,2,42,10.10,0,Boleto,Marketplace,Concluída
532,217,49,2025-03-31,2,67.78,5,25,33.89,0,Transferência,Aplicativo,Concluída
533,26,69,2025-05-01,3,458.70,3,23,152.90,0,Boleto,Aplicativo,Concluída
534,278,88,2025-04-04,2,329.63,17,17,193.90,15,Cartão de Crédito,Marketplace,Concluída
535,298,34,2025-02-18,2,446.00,16,16,223.00,0,Transferência,Loja Física,Concluída
536,189,58,2025-05-06,1,133.80,4,44,133.80,0,Transferência,Loja Física,Concluída
537,168,17,2025-12-12,1,161.50,16,16,161.50,0,Transferência,Loja Física,Concluída
538,83,8,2025-02-27,1,104.96,17,37,131.20,20,Transferência,Loja Física,Concluída
539,148,17,2025-06-16,2,323.00,1,21,161.50,0,Cartão de Crédito,Loja Física,Concluída
540,268,56,2025-06-19,1,149.68,12,52,187.10,20,Cartão de Débito,Marketplace,Concluída
541,188,55,2025-09-08,1,64.90,6,26,64.90,0,PIX,Loja Física,Concluída
542,97,74,2025-09-25,1,44.11,2,22,51.90,15,Transferência,E-commerce,Concluída
543,12,43,2025-02-20,4,30.64,13,33,7.66,0,Transferência,Loja Física,Concluída
544,254,14,2025-07-06,1,391.90,14,14,391.90,0,Transferência,Marketplace,Concluída
545,197,12,2025-01-29,1,247.40,3,3,247.40,0,Cartão de Crédito,Loja Física,Concluída
546,211,14,2025-12-18,2,744.61,10,30,391.90,5,Transferência,Aplicativo,Concluída
547,122,7,2025-11-22,2,534.28,16,56,281.20,5,Boleto,Loja Física,Concluída
548,202,38,2025-01-24,4,552.90,8,48,145.50,5,Cartão de Crédito,Marketplace,Concluída
549,183,63,2025-01-11,3,316.50,12,12,105.50,0,Cartão de Débito,Marketplace,Concluída
550,43,72,2025-07-01,1,287.90,12,52,287.90,0,Cartão de Crédito,Marketplace,Concluída
551,219,36,2025-12-19,3,143.70,5,45,47.90,0,PIX,Loja Física,Cancelada
552,165,4,2025-09-30,2,370.62,17,57,205.90,10,Cartão de Crédito,E-commerce,Concluída
553,15,29,2025-06-04,1,197.50,19,59,197.50,0,Cartão de Débito,Loja Física,Concluída
554,203,94,2025-01-04,2,34.82,14,34,17.41,0,Transferência,Aplicativo,Concluída
555,142,70,2025-05-03,1,213.30,14,54,213.30,0,Boleto,Marketplace,Concluída
556,10,57,2025-05-17,1,138.50,14,14,138.50,0,Boleto,Aplicativo,Concluída
557,75,74,2025-08-12,1,51.90,18,18,51.90,0,Cartão de Crédito,Loja Física,Concluída
558,183,50,2025-09-19,1,44.01,6,46,48.90,10,PIX,E-commerce,Concluída
559,38,1,2025-08-04,3,4049.73,9,49,1499.90,10,Cartão de Crédito,Loja Física,Concluída
560,89,19,2025-09-16,2,1329.81,6,6,699.90,5,Boleto,Loja Física,Concluída
561,105,72,2025-08-04,1,273.50,15,55,287.90,5,Cartão de Crédito,Loja Física,Concluída
562,288,89,2025-08-09,2,287.66,12,52,151.40,5,Cartão de Débito,Marketplace,Concluída
563,138,96,2025-06-28,1,8.08,6,6,10.10,20,Transferência,Loja Física,Concluída
564,209,5,2025-01-31,4,2155.60,8,28,538.90,0,PIX,Loja Física,Concluída
565,112,22,2025-07-24,2,556.02,17,57,308.90,10,Cartão de Débito,Aplicativo,Concluída
566,64,10,2025-02-09,2,559.84,13,13,349.90,20,Cartão de Débito,Marketplace,Concluída
567,146,96,2025-02-18,1,10.10,16,36,10.10,0,Transferência,Marketplace,Concluída
568,7,50,2025-12-12,2,88.02,2,2,48.90,10,Boleto,E-commerce,Concluída
569,227,93,2025-09-08,1,33.57,20,40,39.50,15,PIX,Loja Física,Concluída
570,246,86,2025-07-05,1,61.65,20,40,68.50,10,Transferência,E-commerce,Cancelada
571,190,7,2025-02-27,1,267.14,16,36,281.20,5,Boleto,Marketplace,Concluída
572,164,67,2025-06-05,3,341.19,7,27,133.80,15,Cartão de Débito,Aplicativo,Cancelada
573,189,91,2025-05-25,1,23.65,7,27,24.90,5,PIX,E-commerce,Concluída
574,135,96,2025-11-01,3,30.30,18,38,10.10,0,Cartão de Crédito,Marketplace,Concluída
575,212,67,2025-02-18,2,267.60,15,15,133.80,0,Transferência,E-commerce,Concluída
576,262,26,2025-12-21,2,172.52,9,9,90.80,5,Cartão de Débito,Aplicativo,Concluída
577,96,24,2025-08-27,1,101.90,6,46,101.90,0,Transferência,Loja Física,Concluída
578,137,89,2025-03-24,1,128.69,2,2,151.40,15,Boleto,Marketplace,Concluída
579,78,80,2025-01-03,1,60.50,3,43,60.50,0,Transferência,Marketplace,Concluída
580,104,7,2025-08-10,3,801.42,1,1,281.20,5,PIX,Aplicativo,Concluída
581,106,9,2025-11-29,2,474.05,13,13,249.50,5,PIX,Aplicativo,Concluída
582,37,17,2025-10-27,2,323.00,13,33,161.50,0,PIX,Marketplace,Concluída
583,195,4,2025-12-13,1,205.90,11,51,205.90,0,PIX,Aplicativo,Concluída
584,114,40,2025-02-06,3,216.00,6,6,72.00,0,Transferência,Loja Física,Concluída
585,226,57,2025-06-06,2,277.00,3,3,138.50,0,Cartão de Débito,Loja Física,Concluída
586,33,5,2025-05-06,1,538.90,14,14,538.90,0,Cartão de Débito,Marketplace,Concluída
587,73,25,2025-05-26,2,484.80,18,18,242.40,0,Boleto,E-commerce,Concluída
588,3,96,2025-06-25,2,20.20,20,40,10.10,0,Boleto,E-commerce,Concluída
589,76,64,2025-09-20,1,474.90,15,35,499.90,5,Cartão de Débito,E-commerce,Concluída
590,215,87,2025-12-09,1,35.60,4,44,35.60,0,Transferência,Marketplace,Concluída
591,98,60,2025-10-29,1,76.40,16,56,76.40,0,Boleto,E-commerce,Concluída
592,109,54,2025-12-18,1,38.79,18,38,43.10,10,PIX,E-commerce,Concluída
593,123,30,2025-10-20,2,623.52,17,37,346.40,10,Boleto,Loja Física,Concluída
594,48,13,2025-11-13,1,514.90,6,26,514.90,0,Cartão de Crédito,Marketplace,Concluída
595,179,51,2025-08-15,1,24.40,9,49,30.50,20,Cartão de Débito,Marketplace,Concluída
596,236,72,2025-06-02,3,863.70,10,30,287.90,0,Transferência,Loja Física,Concluída
597,130,9,2025-07-23,1,249.50,1,21,249.50,0,Cartão de Crédito,Loja Física,Concluída
598,258,87,2025-10-09,3,106.80,3,23,35.60,0,Cartão de Débito,E-commerce,Concluída
599,238,67,2025-04-12,2,227.46,19,39,133.80,15,Boleto,Aplicativo,Concluída
600,202,87,2025-08-16,1,35.60,2,42,35.60,0,Cartão de Crédito,Marketplace,Concluída
601,207,10,2025-01-06,1,349.90,15,55,349.90,0,Cartão de Débito,E-commerce,Concluída
602,69,31,2025-03-12,1,61.70,7,7,61.70,0,Cartão de Débito,Loja Física,Concluída
603,69,81,2025-09-07,5,623.50,9,49,124.70,0,Cartão de Débito,Marketplace,Concluída
604,187,35,2025-02-13,1,181.70,19,19,181.70,0,Cartão de Crédito,Aplicativo,Concluída
605,294,19,2025-07-23,1,699.90,1,41,699.90,0,PIX,Aplicativo,Concluída
606,190,91,2025-01-04,2,49.80,19,59,24.90,0,Transferência,Aplicativo,Concluída
607,138,35,2025-03-27,5,863.07,1,41,181.70,5,Cartão de Débito,Aplicativo,Concluída
608,124,10,2025-08-04,2,699.80,9,29,349.90,0,PIX,Aplicativo,Concluída
609,198,4,2025-01-19,1,185.31,19,59,205.90,10,Cartão de Débito,E-commerce,Concluída
610,83,41,2025-03-22,1,99.88,2,42,117.50,15,Boleto,Marketplace,Concluída
611,45,33,2025-12-31,1,242.16,3,43,254.90,5,Cartão de Crédito,Loja Física,Concluída
612,4,54,2025-09-19,1,40.95,4,44,43.10,5,Cartão de Crédito,Marketplace,Concluída
613,154,68,2025-04-16,1,74.38,13,13,78.30,5,Transferência,E-commerce,Concluída
614,203,71,2025-03-18,2,671.46,15,55,353.40,5,Cartão de Crédito,E-commerce,Concluída
615,210,65,2025-11-21,1,1877.11,20,60,1975.90,5,Cartão de Débito,Aplicativo,Concluída
616,258,48,2025-01-06,1,8.33,19,39,9.80,15,Cartão de Crédito,E-commerce,Concluída
617,15,1,2025-04-06,5,7499.50,18,18,1499.90,0,PIX,Aplicativo,Concluída
618,191,96,2025-01-01,1,9.09,12,12,10.10,10,PIX,Loja Física,Concluída
619,65,48,2025-10-04,2,18.62,16,56,9.80,5,Boleto,Marketplace,Concluída
620,146,83,2025-09-28,1,49.30,13,53,51.90,5,Boleto,Marketplace,Concluída
621,5,66,2025-09-22,3,694.71,9,29,257.30,10,PIX,Aplicativo,Concluída
622,134,55,2025-12-28,1,58.41,4,44,64.90,10,Transferência,E-commerce,Concluída
623,68,90,2025-12-09,3,57.30,2,42,19.10,0,Boleto,E-commerce,Cancelada
624,89,50,2025-02-24,2,97.80,3,43,48.90,0,Cartão de Crédito,Loja Física,Concluída
625,283,49,2025-10-09,1,32.20,5,45,33.89,5,PIX,Aplicativo,Concluída
626,22,31,2025-10-02,3,175.85,2,22,61.70,5,PIX,Loja Física,Concluída
627,113,15,2025-06-10,1,561.92,20,60,591.50,5,Transferência,E-commerce,Cancelada
628,77,64,2025-04-06,2,999.80,6,26,499.90,0,PIX,Loja Física,Concluída
629,81,5,2025-11-30,1,538.90,9,29,538.90,0,Cartão de Débito,Loja Física,Concluída
630,212,62,2025-05-14,4,3029.60,14,14,757.40,0,Transferência,E-commerce,Concluída
631,141,51,2025-03-16,1,30.50,1,41,30.50,0,Boleto,Loja Física,Concluída
632,183,42,2025-05-14,1,25.40,17,57,25.40,0,PIX,Aplicativo,Concluída
633,127,99,2025-12-16,2,53.56,3,3,26.78,0,PIX,Loja Física,Concluída
634,256,12,2025-05-08,1,247.40,10,10,247.40,0,Boleto,E-commerce,Concluída
635,114,6,2025-08-01,1,917.90,11,11,917.90,0,Boleto,Loja Física,Concluída
636,4,88,2025-01-07,2,387.80,18,58,193.90,0,Transferência,Loja Física,Concluída
637,265,24,2025-01-03,1,101.90,3,43,101.90,0,Boleto,Loja Física,Concluída
638,283,39,2025-06-30,2,178.00,15,55,89.00,0,Boleto,Aplicativo,Concluída
639,101,79,2025-11-09,1,33.85,14,34,33.85,0,Cartão de Crédito,Loja Física,Concluída
640,81,88,2025-03-04,3,581.70,12,52,193.90,0,PIX,E-commerce,Concluída
641,77,59,2025-08-02,3,352.50,10,30,117.50,0,Cartão de Débito,Loja Física,Concluída
642,41,64,2025-02-01,3,1349.73,3,23,499.90,10,Cartão de Débito,Loja Física,Concluída
643,266,71,2025-09-30,4,1201.56,14,14,353.40,15,Transferência,Loja Física,Concluída
644,9,87,2025-02-13,3,106.80,1,1,35.60,0,PIX,Loja Física,Concluída
645,59,35,2025-02-17,1,163.53,20,60,181.70,10,Boleto,Aplicativo,Concluída
646,167,17,2025-07-24,3,484.50,4,4,161.50,0,PIX,Aplicativo,Concluída
647,30,10,2025-12-06,4,1189.66,9,29,349.90,15,PIX,Marketplace,Concluída
648,222,11,2025-01-27,1,159.03,17,17,187.10,15,Boleto,E-commerce,Concluída
649,213,54,2025-09-03,5,183.17,15,15,43.10,15,Cartão de Débito,Aplicativo,Concluída
650,194,12,2025-05-06,2,494.80,15,15,247.40,0,Cartão de Crédito,Aplicativo,Concluída
651,222,63,2025-05-17,1,105.50,6,6,105.50,0,Boleto,Loja Física,Concluída
652,274,3,2025-03-31,2,2257.01,3,23,1187.90,5,Boleto,Loja Física,Concluída
653,28,76,2025-10-12,1,350.11,19,19,411.90,15,Boleto,Marketplace,Concluída
654,182,22,2025-05-30,2,617.80,5,45,308.90,0,Transferência,Marketplace,Concluída
655,90,32,2025-08-13,2,293.80,20,40,146.90,0,Transferência,Marketplace,Concluída
656,58,32,2025-07-16,1,132.21,7,7,146.90,10,Boleto,E-commerce,Concluída
657,16,75,2025-04-11,2,59.20,19,59,29.60,0,Cartão de Débito,Loja Física,Concluída
658,227,66,2025-05-07,2,514.60,2,42,257.30,0,Boleto,Loja Física,Concluída
659,197,9,2025-07-15,2,499.00,1,21,249.50,0,Cartão de Crédito,E-commerce,Concluída
660,271,29,2025-06-08,4,790.00,20,20,197.50,0,Cartão de Crédito,Loja Física,Concluída
661,175,9,2025-09-28,1,199.60,1,41,249.50,20,Boleto,Loja Física,Concluída
662,220,14,2025-06-24,2,783.80,2,22,391.90,0,Boleto,E-commerce,Cancelada
663,113,37,2025-07-25,4,799.60,17,57,199.90,0,Cartão de Crédito,Loja Física,Concluída
664,19,32,2025-01-21,1,139.56,15,15,146.90,5,Transferência,Aplicativo,Concluída
665,292,5,2025-04-14,1,538.90,20,40,538.90,0,Cartão de Crédito,Loja Física,Concluída
666,65,18,2025-05-10,1,276.39,16,16,307.10,10,Cartão de Crédito,Aplicativo,Cancelada
667,98,43,2025-07-29,1,7.28,16,56,7.66,5,Cartão de Crédito,Loja Física,Concluída
668,128,65,2025-03-24,1,1975.90,6,6,1975.90,0,Cartão de Débito,Loja Física,Concluída
669,252,53,2025-12-26,1,181.71,6,6,201.90,10,PIX,Loja Física,Concluída
670,252,1,2025-03-13,2,2999.80,10,10,1499.90,0,Transferência,Marketplace,Concluída
671,245,15,2025-09-08,1,591.50,1,21,591.50,0,Transferência,Marketplace,Cancelada
672,196,87,2025-11-08,1,35.60,12,32,35.60,0,PIX,Loja Física,Concluída
673,128,28,2025-05-08,1,79.90,7,47,79.90,0,Cartão de Débito,Marketplace,Concluída
674,233,96,2025-05-20,1,9.09,12,12,10.10,10,Boleto,E-commerce,Concluída
675,98,4,2025-03-30,3,617.70,16,56,205.90,0,Cartão de Crédito,Loja Física,Concluída
676,108,46,2025-01-03,1,29.90,10,30,29.90,0,Cartão de Crédito,Loja Física,Concluída
677,5,96,2025-11-30,2,20.20,14,14,10.10,0,Boleto,Loja Física,Concluída
678,202,47,2025-12-27,2,112.14,2,2,62.30,10,PIX,E-commerce,Concluída
679,132,100,2025-05-09,4,33.82,12,52,8.90,5,Cartão de Débito,Aplicativo,Concluída
680,40,86,2025-06-30,2,137.00,19,19,68.50,0,Cartão de Débito,E-commerce,Concluída
681,121,100,2025-08-21,2,17.80,6,46,8.90,0,Cartão de Débito,Loja Física,Concluída
682,204,81,2025-05-20,1,112.23,16,36,124.70,10,Transferência,E-commerce,Concluída
683,113,46,2025-12-09,1,26.91,6,26,29.90,10,Cartão de Débito,Loja Física,Concluída
684,76,55,2025-03-14,2,103.84,16,16,64.90,20,PIX,Marketplace,Concluída
685,240,32,2025-02-24,1,132.21,1,41,146.90,10,Cartão de Débito,Aplicativo,Cancelada
686,106,25,2025-04-07,2,484.80,7,7,242.40,0,Cartão de Débito,E-commerce,Concluída
687,146,69,2025-08-03,3,389.90,7,47,152.90,15,Cartão de Débito,Loja Física,Concluída
688,165,6,2025-01-12,2,1744.01,5,5,917.90,5,Cartão de Débito,Aplicativo,Concluída
689,150,70,2025-06-20,1,213.30,13,13,213.30,0,Cartão de Débito,Marketplace,Concluída
690,53,33,2025-02-19,1,254.90,12,12,254.90,0,PIX,Loja Física,Concluída
691,204,64,2025-08-11,1,474.90,5,45,499.90,5,Transferência,Loja Física,Concluída
692,66,46,2025-03-28,1,26.91,8,8,29.90,10,PIX,Marketplace,Concluída
693,167,34,2025-05-30,1,211.85,9,9,223.00,5,Cartão de Débito,Marketplace,Concluída
694,31,60,2025-09-27,4,275.04,9,49,76.40,10,Cartão de Débito,Loja Física,Concluída
695,127,10,2025-10-05,1,332.40,16,16,349.90,5,Cartão de Crédito,Marketplace,Concluída
696,110,63,2025-11-23,1,100.22,12,12,105.50,5,Transferência,Loja Física,Concluída
697,295,16,2025-02-28,1,128.91,1,21,135.70,5,Cartão de Débito,Aplicativo,Concluída
698,215,59,2025-06-08,2,235.00,2,22,117.50,0,Transferência,Marketplace,Cancelada
699,266,52,2025-08-14,2,61.88,16,56,30.94,0,Transferência,E-commerce,Concluída
700,33,4,2025-01-13,3,555.93,15,15,205.90,10,PIX,E-commerce,Concluída
701,250,76,2025-05-10,2,823.80,9,9,411.90,0,Cartão de Débito,Loja Física,Concluída
702,122,96,2025-10-01,2,20.20,7,47,10.10,0,Cartão de Débito,Loja Física,Concluída
703,3,39,2025-03-25,2,169.10,11,31,89.00,5,Cartão de Débito,Marketplace,Concluída
704,282,50,2025-07-03,1,48.90,11,51,48.90,0,Cartão de Crédito,Loja Física,Concluída
705,169,6,2025-11-02,1,917.90,7,7,917.90,0,Transferência,Aplicativo,Concluída
706,32,47,2025-11-26,3,168.21,16,16,62.30,10,Boleto,Aplicativo,Concluída
707,21,54,2025-05-23,4,163.78,13,33,43.10,5,Boleto,E-commerce,Concluída
708,37,82,2025-01-16,1,159.90,20,60,159.90,0,Boleto,Marketplace,Concluída
709,219,83,2025-01-23,3,155.70,2,22,51.90,0,PIX,Loja Física,Concluída
710,269,92,2025-06-07,1,12.75,20,20,13.42,5,Boleto,Loja Física,Concluída
711,33,44,2025-07-05,1,40.30,8,48,40.30,0,Transferência,E-commerce,Concluída
712,112,3,2025-06-02,1,1069.11,4,44,1187.90,10,Boleto,Marketplace,Concluída
713,269,6,2025-04-25,2,1744.01,19,19,917.90,5,Cartão de Débito,Loja Física,Concluída
714,23,94,2025-02-06,3,41.78,12,52,17.41,20,PIX,E-commerce,Concluída
715,118,3,2025-01-04,1,1187.90,6,6,1187.90,0,Cartão de Crédito,Marketplace,Concluída
716,194,50,2025-03-08,2,97.80,4,44,48.90,0,Cartão de Débito,Loja Física,Concluída
717,5,64,2025-08-11,2,949.81,19,59,499.90,5,Boleto,Loja Física,Concluída
718,46,52,2025-07-22,1,29.39,18,38,30.94,5,PIX,Loja Física,Concluída
719,52,84,2025-04-20,4,98.60,5,5,24.65,0,PIX,Loja Física,Concluída
720,189,72,2025-10-01,1,287.90,20,60,287.90,0,Boleto,Aplicativo,Concluída
721,41,26,2025-03-19,3,245.16,8,28,90.80,10,Transferência,Aplicativo,Concluída
722,221,78,2025-10-20,1,40.70,3,43,40.70,0,Transferência,E-commerce,Concluída
723,275,16,2025-12-25,1,135.70,5,45,135.70,0,PIX,Marketplace,Concluída
724,239,9,2025-08-23,5,1060.38,20,60,249.50,15,PIX,E-commerce,Concluída
725,226,68,2025-10-18,3,223.15,12,12,78.30,5,Cartão de Débito,Loja Física,Concluída
726,201,48,2025-10-11,1,9.80,7,27,9.80,0,Boleto,Loja Física,Concluída
727,287,7,2025-07-01,3,759.24,15,35,281.20,10,Cartão de Crédito,Marketplace,Concluída
728,19,47,2025-08-29,1,56.07,18,58,62.30,10,Cartão de Crédito,Aplicativo,Concluída
729,175,81,2025-10-10,1,118.47,5,25,124.70,5,Transferência,Marketplace,Concluída
730,204,59,2025-02-20,1,111.62,14,14,117.50,5,Cartão de Crédito,Aplicativo,Concluída
731,53,40,2025-10-10,1,68.40,15,55,72.00,5,Boleto,Aplicativo,Concluída
732,6,66,2025-03-12,2,514.60,15,55,257.30,0,PIX,Marketplace,Concluída
733,197,30,2025-09-08,1,311.76,14,14,346.40,10,Cartão de Débito,Marketplace,Concluída
734,4,7,2025-11-29,2,534.28,20,60,281.20,5,Cartão de Crédito,E-commerce,Concluída
735,160,39,2025-08-23,1,84.55,7,47,89.00,5,Cartão de Débito,Marketplace,Concluída
736,206,41,2025-07-03,3,334.88,7,7,117.50,5,PIX,Aplicativo,Concluída
737,268,45,2025-12-20,4,583.36,17,37,182.30,20,PIX,Marketplace,Concluída
738,238,89,2025-06-23,4,605.60,20,40,151.40,0,PIX,Marketplace,Concluída
739,21,26,2025-08-11,3,272.40,6,46,90.80,0,Cartão de Crédito,Marketplace,Concluída
740,260,93,2025-03-04,1,39.50,16,56,39.50,0,Boleto,Loja Física,Concluída
741,148,30,2025-07-16,2,692.80,5,5,346.40,0,Transferência,E-commerce,Concluída
742,26,26,2025-06-25,4,363.20,16,36,90.80,0,Cartão de Crédito,Loja Física,Concluída
743,225,8,2025-02-16,3,334.56,15,35,131.20,15,Transferência,E-commerce,Concluída
744,165,84,2025-06-13,3,73.95,9,9,24.65,0,Cartão de Débito,Aplicativo,Concluída
745,17,80,2025-05-12,2,121.00,3,23,60.50,0,PIX,E-commerce,Concluída
746,213,3,2025-05-11,3,3207.33,1,1,1187.90,10,PIX,Aplicativo,Concluída
747,86,6,2025-04-15,2,1835.80,15,35,917.90,0,Cartão de Débito,Aplicativo,Concluída
748,213,16,2025-06-12,1,135.70,5,5,135.70,0,Cartão de Débito,E-commerce,Concluída
749,55,31,2025-02-01,3,166.59,4,24,61.70,10,PIX,E-commerce,Concluída
750,129,35,2025-04-25,1,172.61,7,7,181.70,5,Cartão de Crédito,Loja Física,Concluída
751,282,78,2025-12-04,1,40.70,16,16,40.70,0,PIX,Marketplace,Concluída
752,157,46,2025-02-05,3,89.70,14,14,29.90,0,Cartão de Crédito,Loja Física,Concluída
753,18,4,2025-08-17,3,617.70,1,41,205.90,0,Cartão de Débito,E-commerce,Concluída
754,102,20,2025-08-08,1,740.90,13,13,779.90,5,PIX,Marketplace,Concluída
755,84,79,2025-07-09,3,101.55,6,26,33.85,0,Cartão de Crédito,Aplicativo,Concluída
756,148,2,2025-07-14,1,3431.90,6,46,3431.90,0,PIX,Loja Física,Concluída
757,281,72,2025-04-21,3,863.70,19,59,287.90,0,Transferência,Aplicativo,Concluída
758,256,44,2025-07-04,1,36.27,2,2,40.30,10,Boleto,Aplicativo,Concluída
759,15,81,2025-10-20,2,249.40,1,21,124.70,0,Cartão de Crédito,Aplicativo,Concluída
760,234,80,2025-06-19,1,60.50,5,5,60.50,0,Transferência,Loja Física,Concluída
761,183,42,2025-10-19,1,21.59,20,20,25.40,15,PIX,E-commerce,Concluída
762,273,14,2025-08-10,1,391.90,12,12,391.90,0,Cartão de Crédito,Marketplace,Concluída
763,203,75,2025-04-01,1,29.60,18,18,29.60,0,Boleto,E-commerce,Concluída
764,219,4,2025-04-21,1,205.90,19,39,205.90,0,Cartão de Débito,Marketplace,Concluída
765,139,28,2025-07-02,1,79.90,17,57,79.90,0,PIX,Marketplace,Concluída
766,78,68,2025-11-08,3,223.15,4,24,78.30,5,Cartão de Crédito,Loja Física,Concluída
767,201,7,2025-08-03,4,1124.80,2,42,281.20,0,Transferência,Loja Física,Concluída
768,157,20,2025-04-27,1,779.90,11,11,779.90,0,Transferência,E-commerce,Concluída
769,255,21,2025-12-30,2,1900.64,12,12,1187.90,20,Cartão de Crédito,Loja Física,Concluída
770,87,22,2025-03-05,2,617.80,19,39,308.90,0,Boleto,Aplicativo,Concluída
771,196,21,2025-07-16,3,2850.96,5,25,1187.90,20,Cartão de Débito,Marketplace,Cancelada
772,137,27,2025-03-31,4,1535.60,10,50,383.90,0,Cartão de Crédito,Aplicativo,Concluída
773,5,10,2025-08-25,4,1399.60,18,18,349.90,0,Cartão de Débito,Aplicativo,Concluída
774,95,86,2025-11-15,2,137.00,18,18,68.50,0,PIX,Aplicativo,Concluída
775,236,28,2025-04-26,3,239.70,15,55,79.90,0,Transferência,Loja Física,Concluída
776,87,61,2025-12-13,2,1047.42,12,52,581.90,10,Cartão de Crédito,E-commerce,Concluída
777,133,20,2025-06-01,2,1247.84,6,26,779.90,20,Cartão de Crédito,Aplicativo,Concluída
778,171,78,2025-06-17,1,40.70,6,26,40.70,0,Cartão de Débito,Marketplace,Concluída
779,187,54,2025-10-01,1,40.95,14,14,43.10,5,PIX,E-commerce,Concluída
780,219,88,2025-06-24,2,387.80,5,25,193.90,0,PIX,Aplicativo,Concluída
781,71,88,2025-08-27,1,193.90,11,51,193.90,0,Transferência,Aplicativo,Concluída
782,173,86,2025-07-03,1,68.50,19,39,68.50,0,PIX,Loja Física,Concluída
783,198,28,2025-12-25,1,79.90,7,47,79.90,0,Cartão de Débito,Loja Física,Cancelada
784,189,34,2025-11-14,4,758.20,20,20,223.00,15,Transferência,Loja Física,Concluída
785,246,77,2025-11-03,4,705.20,18,38,176.30,0,PIX,E-commerce,Concluída
786,134,25,2025-01-24,2,484.80,15,15,242.40,0,Cartão de Crédito,Loja Física,Concluída
787,142,7,2025-10-27,1,281.20,12,52,281.20,0,PIX,Aplicativo,Concluída
788,277,42,2025-12-25,1,25.40,1,1,25.40,0,Boleto,E-commerce,Concluída
789,60,25,2025-12-26,3,690.84,9,29,242.40,5,Transferência,Marketplace,Concluída
790,46,20,2025-07-01,2,1559.80,2,2,779.90,0,Cartão de Crédito,Loja Física,Concluída
791,50,36,2025-03-31,2,86.22,16,36,47.90,10,Transferência,E-commerce,Concluída
792,135,76,2025-03-02,1,411.90,15,35,411.90,0,PIX,E-commerce,Concluída
793,35,49,2025-11-01,1,32.20,8,48,33.89,5,PIX,Loja Física,Concluída
794,111,88,2025-07-30,1,193.90,10,10,193.90,0,Transferência,E-commerce,Concluída
795,292,7,2025-04-10,1,281.20,7,7,281.20,0,PIX,Loja Física,Concluída
796,292,32,2025-02-04,3,418.67,17,17,146.90,5,Transferência,Marketplace,Concluída
797,41,19,2025-08-19,2,1399.80,4,44,699.90,0,PIX,E-commerce,Concluída
798,194,88,2025-03-20,4,736.82,15,35,193.90,5,PIX,Loja Física,Concluída
799,42,39,2025-03-04,4,356.00,9,49,89.00,0,Boleto,Loja Física,Concluída
800,17,56,2025-05-07,1,187.10,17,37,187.10,0,Cartão de Débito,Marketplace,Concluída
801,124,34,2025-06-11,1,211.85,10,30,223.00,5,Boleto,E-commerce,Concluída
802,147,40,2025-07-17,4,288.00,1,21,72.00,0,Boleto,Marketplace,Concluída
803,251,76,2025-07-14,2,823.80,5,45,411.90,0,Boleto,E-commerce,Concluída
804,161,89,2025-05-24,3,408.78,16,16,151.40,10,Boleto,Loja Física,Concluída
805,251,32,2025-05-07,4,587.60,12,52,146.90,0,Transferência,Marketplace,Concluída
806,33,14,2025-06-12,1,391.90,5,25,391.90,0,Cartão de Débito,Aplicativo,Concluída
807,186,15,2025-10-27,1,591.50,9,49,591.50,0,Cartão de Débito,E-commerce,Concluída
808,93,12,2025-03-28,1,247.40,20,40,247.40,0,Cartão de Débito,Loja Física,Concluída
809,90,18,2025-09-22,1,276.39,1,21,307.10,10,Transferência,E-commerce,Concluída
810,253,83,2025-11-02,1,49.30,5,25,51.90,5,PIX,Loja Física,Concluída
811,225,27,2025-12-29,3,1094.11,6,46,383.90,5,Cartão de Débito,E-commerce,Concluída
812,16,50,2025-01-13,4,195.60,13,53,48.90,0,Boleto,Loja Física,Concluída
813,286,83,2025-05-13,1,51.90,19,59,51.90,0,PIX,E-commerce,Concluída
814,100,9,2025-02-23,1,237.02,12,32,249.50,5,Transferência,Marketplace,Concluída
815,200,91,2025-08-22,4,99.60,2,2,24.90,0,Transferência,E-commerce,Concluída
816,19,8,2025-10-03,1,124.64,14,34,131.20,5,Transferência,E-commerce,Concluída
817,136,40,2025-06-02,2,144.00,18,38,72.00,0,PIX,Marketplace,Concluída
818,54,84,2025-04-16,3,70.25,3,43,24.65,5,PIX,Marketplace,Concluída
819,269,20,2025-04-26,1,779.90,1,41,779.90,0,Cartão de Débito,Marketplace,Concluída
820,77,17,2025-10-11,1,161.50,7,47,161.50,0,Boleto,E-commerce,Concluída
821,245,45,2025-08-07,1,182.30,1,41,182.30,0,Cartão de Crédito,Aplicativo,Concluída
822,140,54,2025-08-08,1,43.10,12,12,43.10,0,PIX,Aplicativo,Concluída
823,11,49,2025-04-27,1,33.89,9,29,33.89,0,Boleto,E-commerce,Concluída
824,127,70,2025-01-19,1,191.97,7,27,213.30,10,Boleto,Marketplace,Concluída
825,134,79,2025-10-16,1,33.85,16,56,33.85,0,Cartão de Crédito,Loja Física,Concluída
826,247,71,2025-10-29,1,353.40,2,22,353.40,0,Cartão de Crédito,E-commerce,Concluída
827,99,22,2025-09-18,2,617.80,4,44,308.90,0,Boleto,Marketplace,Concluída
828,59,50,2025-12-02,1,44.01,1,1,48.90,10,Cartão de Crédito,E-commerce,Concluída
829,211,20,2025-06-27,1,779.90,3,23,779.90,0,PIX,E-commerce,Concluída
830,89,61,2025-04-28,2,989.23,17,17,581.90,15,Cartão de Débito,Marketplace,Concluída
831,45,86,2025-08-28,3,184.95,11,51,68.50,10,PIX,Marketplace,Concluída
832,39,33,2025-06-14,3,764.70,15,55,254.90,0,Transferência,Aplicativo,Concluída
833,15,98,2025-02-24,1,4.95,19,39,4.95,0,Cartão de Débito,E-commerce,Concluída
834,117,74,2025-02-07,2,103.80,12,32,51.90,0,Transferência,Marketplace,Concluída
835,116,27,2025-11-02,1,383.90,11,31,383.90,0,Transferência,Loja Física,Concluída
836,151,39,2025-11-11,5,445.00,2,22,89.00,0,Cartão de Débito,E-commerce,Concluída
837,239,85,2025-02-13,1,41.10,20,60,41.10,0,PIX,E-commerce,Cancelada
838,38,100,2025-12-22,2,16.91,10,30,8.90,5,Cartão de Débito,Marketplace,Concluída
839,237,94,2025-05-12,4,66.16,6,6,17.41,5,Cartão de Débito,Aplicativo,Concluída
840,227,84,2025-11-08,2,44.37,1,21,24.65,10,Cartão de Crédito,Aplicativo,Concluída
841,218,24,2025-09-04,2,193.61,6,46,101.90,5,PIX,E-commerce,Concluída
842,264,20,2025-05-01,2,1559.80,2,22,779.90,0,Boleto,E-commerce,Concluída
843,298,14,2025-04-13,5,1861.52,1,21,391.90,5,PIX,Marketplace,Concluída
844,249,76,2025-10-19,4,1565.22,18,38,411.90,5,PIX,Marketplace,Concluída
845,148,64,2025-05-30,1,449.91,2,42,499.90,10,Cartão de Débito,Loja Física,Concluída
846,90,89,2025-11-25,2,287.66,10,30,151.40,5,Cartão de Débito,Aplicativo,Concluída
847,214,60,2025-08-10,2,152.80,16,36,76.40,0,Cartão de Crédito,Aplicativo,Concluída
848,227,23,2025-08-09,4,626.80,2,2,156.70,0,Boleto,Loja Física,Concluída
849,33,75,2025-08-24,1,26.64,15,35,29.60,10,Transferência,Aplicativo,Concluída
850,9,59,2025-12-14,5,587.50,15,35,117.50,0,Boleto,Loja Física,Concluída
851,155,45,2025-08-06,2,364.60,15,35,182.30,0,Cartão de Crédito,E-commerce,Concluída
852,99,88,2025-09-22,1,193.90,4,4,193.90,0,Transferência,Marketplace,Concluída
853,112,46,2025-01-02,1,29.90,18,38,29.90,0,Boleto,Marketplace,Concluída
854,110,30,2025-06-29,1,329.08,2,22,346.40,5,Cartão de Crédito,Aplicativo,Concluída
855,229,53,2025-10-10,1,191.81,11,11,201.90,5,Transferência,Aplicativo,Concluída
856,177,36,2025-09-04,1,47.90,3,3,47.90,0,Cartão de Débito,E-commerce,Concluída
857,220,24,2025-11-06,1,91.71,13,33,101.90,10,Boleto,Marketplace,Concluída
858,136,76,2025-09-23,2,659.04,20,20,411.90,20,PIX,E-commerce,Concluída
859,156,15,2025-12-28,1,561.92,14,34,591.50,5,Transferência,Loja Física,Concluída
860,208,97,2025-10-16,1,6.69,6,46,6.69,0,Cartão de Débito,Loja Física,Concluída
861,220,12,2025-12-21,3,742.20,15,15,247.40,0,Cartão de Débito,Aplicativo,Concluída
862,123,4,2025-07-09,2,411.80,7,47,205.90,0,Cartão de Débito,E-commerce,Concluída
863,80,82,2025-09-05,3,431.73,9,29,159.90,10,Transferência,Loja Física,Concluída
864,274,92,2025-04-20,2,26.84,2,22,13.42,0,Cartão de Débito,E-commerce,Concluída
865,21,20,2025-07-29,1,701.91,8,48,779.90,10,Boleto,Loja Física,Concluída
866,248,4,2025-11-21,1,205.90,7,7,205.90,0,Transferência,Aplicativo,Concluída
867,154,42,2025-06-28,1,24.13,13,53,25.40,5,Transferência,Loja Física,Concluída
868,277,39,2025-05-07,1,80.10,3,23,89.00,10,Boleto,Loja Física,Concluída
869,277,93,2025-08-02,1,33.57,13,33,39.50,15,Boleto,Aplicativo,Concluída
870,290,53,2025-05-24,3,545.13,6,26,201.90,10,Cartão de Crédito,Marketplace,Concluída
871,152,17,2025-07-22,3,460.27,6,46,161.50,5,Cartão de Débito,E-commerce,Concluída
872,294,53,2025-08-01,1,191.81,2,2,201.90,5,Transferência,Aplicativo,Concluída
873,23,80,2025-04-18,1,60.50,6,6,60.50,0,Transferência,Marketplace,Concluída
874,264,49,2025-11-28,4,122.00,20,20,33.89,10,Transferência,Loja Física,Concluída
875,100,19,2025-10-12,2,1399.80,4,24,699.90,0,Boleto,Aplicativo,Concluída
876,118,77,2025-06-10,4,634.68,11,11,176.30,10,Transferência,Loja Física,Concluída
877,46,61,2025-01-29,3,1658.41,20,20,581.90,5,PIX,Aplicativo,Concluída
878,48,57,2025-12-02,1,131.57,12,52,138.50,5,Cartão de Crédito,Marketplace,Concluída
879,129,87,2025-06-01,1,35.60,3,43,35.60,0,Cartão de Crédito,Aplicativo,Concluída
880,194,61,2025-02-14,2,1163.80,19,19,581.90,0,Transferência,Marketplace,Concluída
881,107,77,2025-03-14,1,158.67,15,35,176.30,10,Cartão de Débito,Loja Física,Concluída
882,291,29,2025-11-19,3,592.50,15,15,197.50,0,Transferência,Aplicativo,Concluída
883,269,79,2025-05-06,2,54.16,5,45,33.85,20,Cartão de Crédito,E-commerce,Concluída
884,145,32,2025-12-28,1,146.90,8,8,146.90,0,PIX,Aplicativo,Concluída
885,20,59,2025-03-12,2,235.00,6,26,117.50,0,PIX,Aplicativo,Concluída
886,4,5,2025-10-21,4,2155.60,7,7,538.90,0,Boleto,Marketplace,Concluída
887,53,1,2025-01-03,1,1499.90,8,8,1499.90,0,Boleto,Loja Física,Concluída
888,94,89,2025-03-25,1,151.40,2,2,151.40,0,Boleto,Loja Física,Concluída
889,257,90,2025-09-24,1,19.10,6,6,19.10,0,PIX,Aplicativo,Concluída
890,208,83,2025-07-19,1,51.90,12,32,51.90,0,PIX,Aplicativo,Concluída
891,6,32,2025-04-12,2,293.80,11,11,146.90,0,Cartão de Débito,Loja Física,Concluída
892,183,94,2025-10-15,1,14.80,13,33,17.41,15,PIX,E-commerce,Concluída
893,219,81,2025-02-14,2,249.40,4,44,124.70,0,PIX,Marketplace,Concluída
894,133,47,2025-11-04,3,186.90,10,50,62.30,0,Transferência,Loja Física,Concluída
895,298,19,2025-08-02,1,699.90,9,29,699.90,0,Transferência,Aplicativo,Concluída
896,117,14,2025-11-04,2,705.42,8,28,391.90,10,Cartão de Débito,Marketplace,Concluída
897,142,14,2025-05-15,5,1763.55,15,35,391.90,10,Boleto,Aplicativo,Concluída
898,85,59,2025-10-30,2,211.50,14,34,117.50,10,Cartão de Débito,Aplicativo,Concluída
899,92,78,2025-07-27,2,81.40,12,12,40.70,0,Cartão de Crédito,Aplicativo,Concluída
900,55,11,2025-12-16,1,187.10,7,27,187.10,0,Cartão de Débito,Marketplace,Concluída
901,184,35,2025-08-18,1,181.70,19,39,181.70,0,Transferência,Loja Física,Concluída
902,237,25,2025-09-14,1,230.28,17,17,242.40,5,PIX,Marketplace,Concluída
903,139,37,2025-04-24,1,189.91,13,53,199.90,5,Cartão de Débito,Marketplace,Concluída
904,2,18,2025-08-18,2,614.20,3,43,307.10,0,Boleto,Marketplace,Concluída
905,171,57,2025-07-28,3,353.18,10,10,138.50,15,Cartão de Débito,E-commerce,Concluída
906,9,49,2025-08-05,1,33.89,12,52,33.89,0,Cartão de Débito,Marketplace,Concluída
907,13,54,2025-07-16,2,81.89,2,2,43.10,5,Transferência,Marketplace,Concluída
908,84,88,2025-11-19,1,193.90,12,12,193.90,0,Cartão de Débito,Loja Física,Concluída
909,14,28,2025-05-04,1,79.90,11,31,79.90,0,Cartão de Débito,Marketplace,Concluída
910,115,98,2025-11-27,2,9.40,20,40,4.95,5,PIX,Aplicativo,Cancelada
911,275,63,2025-08-12,2,211.00,17,57,105.50,0,PIX,Aplicativo,Concluída
912,105,39,2025-08-13,2,178.00,14,14,89.00,0,Transferência,E-commerce,Concluída
913,5,14,2025-11-07,3,1175.70,3,3,391.90,0,Cartão de Débito,Aplicativo,Cancelada
914,1,14,2025-06-25,1,333.11,12,12,391.90,15,Transferência,E-commerce,Concluída
915,193,52,2025-10-01,1,27.85,8,28,30.94,10,Transferência,E-commerce,Concluída
916,110,52,2025-08-13,4,117.57,17,37,30.94,5,Transferência,Loja Física,Concluída
917,243,8,2025-02-07,1,124.64,8,28,131.20,5,Transferência,Loja Física,Concluída
918,166,35,2025-10-30,1,172.61,8,48,181.70,5,Boleto,Aplicativo,Concluída
919,252,70,2025-11-21,1,181.31,6,46,213.30,15,Boleto,E-commerce,Concluída
920,181,19,2025-09-02,1,664.90,9,29,699.90,5,Transferência,Loja Física,Concluída
921,231,2,2025-12-02,1,3088.71,5,5,3431.90,10,PIX,Marketplace,Concluída
922,161,49,2025-12-23,2,67.78,10,50,33.89,0,Boleto,E-commerce,Concluída
923,151,9,2025-04-23,3,711.07,12,52,249.50,5,Cartão de Débito,Loja Física,Concluída
924,23,38,2025-01-30,2,291.00,16,36,145.50,0,Cartão de Crédito,Aplicativo,Concluída
925,101,76,2025-10-16,3,1235.70,18,58,411.90,0,Cartão de Crédito,Aplicativo,Concluída
926,247,47,2025-02-12,2,124.60,4,4,62.30,0,Boleto,E-commerce,Concluída
927,280,39,2025-07-20,1,89.00,11,11,89.00,0,Cartão de Crédito,Marketplace,Concluída
928,123,72,2025-05-11,1,230.32,7,27,287.90,20,Transferência,E-commerce,Concluída
929,70,29,2025-11-24,2,395.00,18,38,197.50,0,PIX,E-commerce,Concluída
930,43,35,2025-01-10,1,181.70,3,3,181.70,0,Cartão de Crédito,E-commerce,Concluída
931,125,90,2025-10-04,3,51.57,14,14,19.10,10,Cartão de Débito,Aplicativo,Concluída
932,217,16,2025-11-10,1,135.70,3,43,135.70,0,Transferência,Loja Física,Concluída
933,111,57,2025-09-07,1,138.50,18,38,138.50,0,Boleto,E-commerce,Concluída
934,17,37,2025-10-12,1,189.91,9,9,199.90,5,Cartão de Débito,Aplicativo,Cancelada
935,48,89,2025-11-20,1,121.12,7,27,151.40,20,Cartão de Crédito,E-commerce,Concluída
936,192,12,2025-04-19,4,989.60,15,15,247.40,0,PIX,Marketplace,Concluída
937,5,69,2025-01-25,1,145.25,13,53,152.90,5,Transferência,E-commerce,Concluída
938,84,34,2025-01-12,1,223.00,3,3,223.00,0,Cartão de Débito,Loja Física,Concluída
939,148,16,2025-08-29,1,122.13,3,43,135.70,10,Cartão de Débito,Marketplace,Concluída
940,254,64,2025-03-22,2,999.80,6,46,499.90,0,PIX,Aplicativo,Concluída
941,18,7,2025-09-09,2,506.16,11,51,281.20,10,Transferência,Aplicativo,Concluída
942,5,5,2025-08-29,3,1616.70,6,46,538.90,0,Cartão de Crédito,Aplicativo,Concluída
943,144,13,2025-04-13,1,489.15,3,23,514.90,5,Cartão de Crédito,E-commerce,Concluída
944,110,14,2025-11-08,3,1175.70,6,46,391.90,0,Boleto,Marketplace,Concluída
945,155,29,2025-11-16,2,355.50,16,56,197.50,10,PIX,Aplicativo,Concluída
946,2,37,2025-10-06,3,569.72,11,11,199.90,5,Transferência,E-commerce,Concluída
947,300,74,2025-10-13,1,51.90,11,31,51.90,0,Cartão de Crédito,Aplicativo,Concluída
948,283,27,2025-07-10,3,1151.70,1,21,383.90,0,Boleto,Aplicativo,Concluída
949,255,39,2025-03-11,5,445.00,10,30,89.00,0,Cartão de Débito,E-commerce,Concluída
950,113,64,2025-01-31,4,1999.60,12,32,499.90,0,Boleto,Aplicativo,Concluída
951,109,51,2025-10-18,3,77.77,13,33,30.50,15,PIX,Marketplace,Concluída
952,184,56,2025-12-12,4,748.40,9,49,187.10,0,Cartão de Débito,E-commerce,Concluída
953,256,4,2025-04-04,1,205.90,14,54,205.90,0,Transferência,Loja Física,Concluída
954,57,45,2025-03-31,2,364.60,5,45,182.30,0,Cartão de Crédito,E-commerce,Concluída
955,144,61,2025-09-21,4,2327.60,20,20,581.90,0,Cartão de Débito,Aplicativo,Concluída
956,228,70,2025-06-11,1,213.30,20,20,213.30,0,Transferência,E-commerce,Concluída
957,191,29,2025-09-14,1,197.50,17,57,197.50,0,Transferência,E-commerce,Concluída
958,10,8,2025-06-12,1,131.20,18,58,131.20,0,Transferência,Marketplace,Concluída
959,237,77,2025-10-03,2,352.60,6,26,176.30,0,Boleto,Aplicativo,Concluída
960,114,16,2025-01-20,5,644.57,15,35,135.70,5,Boleto,E-commerce,Concluída
961,11,52,2025-08-20,2,58.79,3,43,30.94,5,Boleto,E-commerce,Concluída
962,91,32,2025-03-07,2,293.80,19,59,146.90,0,Cartão de Débito,Loja Física,Concluída
963,198,48,2025-01-25,2,19.60,18,38,9.80,0,Cartão de Débito,Marketplace,Concluída
964,153,43,2025-11-13,1,7.66,2,2,7.66,0,Boleto,Loja Física,Concluída
965,122,83,2025-04-08,1,51.90,2,2,51.90,0,Transferência,E-commerce,Concluída
966,73,22,2025-12-30,2,556.02,10,10,308.90,10,Boleto,Loja Física,Concluída
967,26,47,2025-04-05,1,62.30,8,8,62.30,0,Transferência,Loja Física,Concluída
968,139,84,2025-07-09,1,24.65,3,43,24.65,0,Cartão de Crédito,Aplicativo,Concluída
969,59,87,2025-01-08,2,60.52,11,51,35.60,15,Cartão de Débito,Loja Física,Concluída
970,174,81,2025-02-10,2,236.93,9,9,124.70,5,Transferência,Loja Física,Concluída
971,157,54,2025-10-21,1,43.10,5,25,43.10,0,PIX,Marketplace,Cancelada
972,33,81,2025-02-09,4,498.80,10,30,124.70,0,Cartão de Débito,Aplicativo,Concluída
973,124,79,2025-11-09,4,128.63,8,28,33.85,5,Boleto,E-commerce,Concluída
974,156,79,2025-04-22,4,128.63,18,38,33.85,5,Cartão de Débito,E-commerce,Concluída
975,31,38,2025-09-19,1,130.95,8,28,145.50,10,Boleto,Loja Física,Concluída
976,227,90,2025-08-28,4,76.40,13,33,19.10,0,Cartão de Crédito,E-commerce,Concluída
977,110,76,2025-06-27,1,411.90,11,11,411.90,0,Transferência,Loja Física,Concluída
978,58,59,2025-01-10,2,211.50,4,44,117.50,10,Transferência,E-commerce,Concluída
979,161,12,2025-08-02,1,247.40,3,23,247.40,0,Cartão de Débito,Aplicativo,Concluída
980,252,19,2025-01-28,2,1259.82,7,7,699.90,10,Cartão de Débito,Loja Física,Concluída
981,149,14,2025-05-14,2,783.80,11,11,391.90,0,Boleto,E-commerce,Cancelada
982,31,75,2025-02-18,4,112.48,10,50,29.60,5,Transferência,E-commerce,Concluída
983,174,4,2025-01-22,1,205.90,19,19,205.90,0,Cartão de Débito,Aplicativo,Concluída
984,40,23,2025-06-16,1,148.86,5,45,156.70,5,Cartão de Débito,Loja Física,Concluída
985,87,7,2025-08-17,2,506.16,13,53,281.20,10,Cartão de Crédito,Loja Física,Concluída
986,260,35,2025-01-07,1,172.61,17,17,181.70,5,Cartão de Débito,Marketplace,Concluída
987,264,27,2025-11-04,1,383.90,6,6,383.90,0,Cartão de Débito,Aplicativo,Concluída
988,161,73,2025-03-30,1,107.91,19,19,119.90,10,Cartão de Débito,E-commerce,Concluída
989,11,81,2025-07-28,3,374.10,1,41,124.70,0,PIX,Aplicativo,Concluída
990,268,52,2025-04-06,1,30.94,6,46,30.94,0,PIX,Aplicativo,Concluída
991,157,96,2025-01-02,3,28.78,11,31,10.10,5,Cartão de Crédito,Aplicativo,Concluída
992,143,67,2025-07-21,1,127.11,18,18,133.80,5,Cartão de Crédito,Marketplace,Concluída
993,203,75,2025-09-21,4,118.40,7,47,29.60,0,Cartão de Débito,Marketplace,Concluída
994,100,36,2025-09-01,3,143.70,11,11,47.90,0,Cartão de Débito,Aplicativo,Concluída
995,225,98,2025-07-17,2,7.92,20,20,4.95,20,Transferência,Aplicativo,Concluída
996,99,12,2025-01-16,2,494.80,3,3,247.40,0,Cartão de Débito,Aplicativo,Concluída
997,144,52,2025-06-10,1,30.94,14,34,30.94,0,Boleto,Loja Física,Concluída
998,87,17,2025-12-19,3,460.27,15,15,161.50,5,Transferência,E-commerce,Concluída
999,175,27,2025-12-18,1,326.31,5,25,383.90,15,Cartão de Crédito,Marketplace,Concluída
1000,154,44,2025-06-18,5,201.50,10,30,40.30,0,PIX,Marketplace,Concluída
